Method,Representative_Gene,P_Value,Is_Ground_Truth,Cluster_Size,Cluster_ID,All_Genes_In_Cluster
CRT-logit,SNORA67,6.187976502435723e-48,False,1,98,SNORA67
CRT-logit,U3,1.923064984440189e-38,False,1,24,U3
CRT-logit,snoU13,1.5869906361215235e-29,False,1,199,snoU13
CRT-logit,snoU13,5.446238610483721e-25,False,1,250,snoU13
CRT-logit,U3,4.5996850026827886e-24,False,6,607,U3;U3;U3;U3;U3;U3
CRT-logit,FREM1,2.543948501742433e-22,True,19,792,TYRP1;RN7SL849P;LURAP1L;MPDZ;LINC00583;NFIB;ZDHHC21;CER1;FREM1;TTC39B;SNAPC3;PSIP1;RN7SL98P;CCDC171;C9orf92;BNC2;RN7SL720P;CNTLN;SH3GL2
CRT-logit,KLHL13,2.57307632082047e-20,True,67,601,KLHL13;WDR44;MIR1277;DOCK11;IL13RA1;ZCCHC12;LONRF3;KIAA1210;PGRMC1;SLC25A43;RN7SL118P;SLC25A5;UBE2A;CXorf56;NKRF;SEPT2;SEPT6;MIR766;SOWAHD;RPL39;SNORA69;SNORA69;UPF3B;RNF113A;NDUFA1;AKAP14;NKAP;RHOXF2B;RHOXF1;RHOXF2;NKAPP1;ZBTB33;TMEM255A;ATP1B4;LAMP2;CUL4B;MCTS1;C1GALT1C1;CT47B1;CT47A12;CT47A11;CT47A10;CT47A9;CT47A8;CT47A7;CT47A6;CT47A5;CT47A4;CT47A3;CT47A2;CT47A1;GLUD2;MIR3672;GRIA3;THOC2;RN7SL190P;XIAP;STAG2;SH2D1A;TENM1;DCAF12L2;DCAF12L1;CXorf64;ACTRT1;RNA5SP513;SMARCA1;OCRL
CRT-logit,MIR4258,2.0745562192221834e-18,False,37,559,MIR4258;FLAD1;LENEP;ZBTB7B;DCST2;DCST1;ADAM15;EFNA4;EFNA3;EFNA1;SLC50A1;DPM3;KRTCAP2;TRIM46;MUC1;MIR92B;THBS3;MTX1;GBAP1;GBA;FAM189B;SCAMP3;CLK2;HCN3;PKLR;FDPS;RUSC1;ASH1L;MIR555;MSTO1;YY1AP1;DAP3;GON4L;SYT11;RIT1;KIAA0907;SNORA42
CRT-logit,MAPK1,3.700849516397319e-17,False,31,325,MAPK1;RNA5SP493;PPM1F;TOP3B;PRAMEF24P;VPREB1;ZNF280B;ZNF280A;PRAME;POM121L1P;GGTLC2;MIR650;IGLL5;IGLJ1;IGLC1;IGLJ2;IGLC2;IGLJ3;IGLC3;IGLJ4;IGLJ5;IGLJ6;IGLJ7;IGLC7;RTDR1;GNAZ;RAB36;BCR;RN7SL263P;ZDHHC8P1;CES5AP1
CRT-logit,PPP2R2D,5.232971621099552e-17,False,29,400,PPP2R2D;BNIP3;JAKMIP3;DPYSL4;STK32C;LRRC27;PWWP2B;C10orf91;INPP5A;TTC40;GPR123;KNDC1;UTF1;VENTX;MIR202;ADAM8;TUBGCP2;ZNF511;CALY;PRAP1;FUOM;ECHS1;MIR3944;PAOX;MTG1;SPRN;CYP2E1;SYCE1;FRG2B
CRT-logit,PROKR2,7.79478771117454e-17,True,88,720,SNORD56;SNORD56;SNORD56;SNORD57;IDH3B;EBF4;CPXM1;C20orf141;TMEM239;PCED1A;VPS16;PTPRA;GNRH2;MRPS26;OXT;AVP;RN7SL555P;UBOX5;FASTKD5;LZTS3;DDRGK1;ITPA;SLC4A11;C20orf194;ATRN;GFRA4;ADAM33;SIGLEC1;HSPA12B;C20orf27;SPEF1;CENPB;CDC25B;AP5S1;MAVS;PANK2;MIR103A2;RNF24;SMOX;ADRA1D;PRNP;PRND;PRNT;RASSF2;SLC23A2;TMEM230;RNA5SP474;PCNA;CDS2;PROKR2;LINC00658;LINC00654;GPCPD1;C20orf196;CHGB;TRMT6;MCM8;RN7SL498P;CRLS1;LRRN4;FERMT1;BMP2;RN7SL547P;HAO1;TMX4;PLCB1;RNU105B;PLCB4;LAMP5;PAK7;ANKEF1;SNAP25;MKKS;SLX4IP;JAG1;LINC00687;RN7SKP111;BTBD3;SPTLC3;ISM1;TASP1;ESF1;NDUFAF5;SEL1L2;MACROD2;RN7SL864P;FLRT3;RNA5SP475
CRT-logit,LINC00545,1.155092870906038e-16,False,4,828,LINC00545;LINC00551;LINC00565;LINC00593
CRT-logit,KRT34,1.173269556785867e-16,True,122,976,IKZF3;ZPBP2;GSDMB;ORMDL3;LRRC3C;GSDMA;PSMD3;CSF3;MED24;SNORD124;THRA;NR1D1;MSL1;CASC3;RAPGEFL1;WIPF2;CDC6;RARA;GJD3;RNA5SP441;TOP2A;IGFBP4;TNS4;CCR7;SMARCE1;KRT222;KRT24;KRT223P;KRT25;KRT26;KRT27;KRT28;KRT10;TMEM99;KRT12;KRT20;KRT23;KRT39;KRT40;KRT33A;KRT33B;KRT34;KRT31;KRT37;KRT38;KRT32;KRT35;KRT36;KRT13;KRT15;KRT19;LINC00974;KRT9;KRT14;KRT16;KRT17;KRT42P;EIF1;GAST;HAP1;RNA5SP442;RN7SL399P;JUP;LEPREL4;FKBP10;NT5C3B;KLHL10;KLHL11;ACLY;TTC25;CNP;DNAJC7;NKIRAS2;ZNF385C;DHX58;KAT2A;HSPB9;RAB5C;KCNH4;HCRT;GHDC;STAT5B;STAT5A;STAT3;PTRF;ATP6V0A1;MIR548AT;MIR5010;NAGLU;HSD17B1;COASY;MLX;PSMC3IP;FAM134C;TUBG1;TUBG2;PLEKHH3;CCR10;CNTNAP1;EZH1;RAMP2;VPS25;WNK4;COA3;CNTD1;BECN1;PSME3;AOC2;AOC3;LINC00671;AOC4P;G6PC;AARSD1;PTGES3L;RUNDC1;RPL27;IFI35;VAT1;RND2;BRCA1;NBR2;NBR1
CRT-logit,SNORD65,2.2581409286638173e-16,False,2,694,SNORD65;SNORD65
CRT-logit,DMRTA1,3.6749328061764247e-16,False,1,56,DMRTA1
CRT-logit,snoZ247,3.571457973128056e-15,False,4,503,snoZ247;snoZ278;snoZ40;snoZ5
CRT-logit,snoU13,4.703884779245813e-15,False,8,935,snoU13;snoU13;snoU13;snoU13;snoU13;snoU13;snoU13;snoU13
CRT-logit,ULK4,5.733741645804138e-15,False,52,371,ULK4;RN7SKP58;TRAK1;CCK;LYZL4;VIPR1;SEC22C;SS18L2;NKTR;ZBTB47;RN7SL567P;KLHL40;HHATL;CCDC13;HIGD1A;ACKR2;CYP8B1;ZNF662;KRBOX1;FAM198A;GTDC2;SNRK;RN7SL517P;ANO10;ABHD5;TOPAZ1;TCAIM;LINC00694;ZNF445;ZNF852;ZKSCAN7;ZNF660;ZNF197;ZNF35;ZNF502;ZNF501;KIAA1143;KIF15;MIR564;TMEM42;TGM4;ZDHHC3;EXOSC7;CLEC3B;CDCP1;TMEM158;LARS2;LIMD1;SACM1L;RN7SL145P;SLC6A20;LZTFL1
CRT-logit,SNORD112,7.940019167456738e-15,False,7,926,SNORD112;SNORD112;SNORD112;SNORD112;SNORD112;SNORD112;SNORD112
CRT-logit,KCNU1,2.179935388851516e-14,True,34,342,UNC5D;RNA5SP264;KCNU1;ZNF703;ERLIN2;PROSC;GPR124;BRF2;RAB11FIP1;RN7SL709P;GOT1L1;ADRB3;EIF4EBP1;ASH2L;STAR;LSM1;BAG4;DDHD2;PPAPDC1B;WHSC1L1;LETM2;FGFR1;RPS20P22;C8orf86;TACC1;PLEKHA2;HTRA4;TM2D2;ADAM9;ADAM32;ADAM5;ADAM3A;ADAM18;ADAM2
CRT-logit,PLEKHG4B,3.1482910403384657e-14,True,24,780,PLEKHG4B;LRRC14B;CCDC127;SDHA;PDCD6;AHRR;EXOC3;SLC9A3;MIR4456;CEP72;TPPP;ZDHHC11B;ZDHHC11;BRD9;TRIP13;NKD2;SLC12A7;MIR4635;SLC6A19;SLC6A18;TERT;MIR4457;CLPTM1L;SLC6A3
CRT-logit,SNORA36,9.290022540315804e-14,False,1,188,SNORA36
CRT-logit,SNORD74,1.7497170516703454e-13,False,1,191,SNORD74
CRT-logit,snoU13,4.529259510605562e-13,False,1,211,snoU13
CRT-logit,ZNF479,1.2828675596674108e-12,False,4,449,ZNF479;MIR3147;ZNF716;ZNF733P
CRT-logit,AIM1,2.3371700206212587e-12,True,9,334,AIM1;RNA5SP211;RTN4IP1;QRSL1;MIR587;C6orf203;BEND3;PDSS2;SOBP
CRT-logit,STXBP5L,2.4493186181804766e-12,True,55,539,IGSF11;C3orf30;UPK1B;B4GALT4;ARHGAP31;TMEM39A;POGLUT1;TIMMDC1;CD80;ADPRH;PLA1A;POPDC2;COX17;MAATS1;NR1I2;GSK3B;RN7SL762P;RN7SL397P;GPR156;LRRC58;FSTL1;NDUFB4;HGD;RABL3;GTF2E1;STXBP5L;MIR5682;POLQ;ARGFX;FBXO40;HCLS1;RN7SL172P;GOLGB1;IQCB1;EAF2;SLC15A2;ILDR1;CD86;CASR;CSTA;CCDC58;FAM162A;WDR5B;KPNA1;PARP9;DTX3L;PARP15;PARP14;HSPBAP1;DIRC2;SEMA5B;PDIA5;SEC22A;ADCY5;PTPLB
CRT-logit,SNORA43,2.8692386229811635e-12,False,6,685,SNORA43;SNORA43;SNORA43;SNORA43;SNORA43;SNORA17
CRT-logit,FAF1,3.1205493261723153e-12,False,2,296,FAF1;CDKN2C
CRT-logit,U3,1.2784650028297249e-11,False,8,696,U3;U3;U3;U3;U3;U3;U3;U3
CRT-logit,SNORA70,2.4652816931912125e-11,False,21,953,SNORA70;SNORA70;SNORA70;SNORA70;SNORA70;SNORA70;SNORA70;SNORA70;SNORA70;SNORA70;SNORA70;SNORA70;SNORA70;SNORA70;SNORA70;SNORA70;SNORA70;SNORA70;SNORA70;SNORA70;SNORA70
CRT-logit,SAMD9,6.471436051177459e-11,True,28,697,CYP51A1;LRRD1;KRIT1;ANKIB1;GATAD1;PEX1;RBM48;FAM133B;CDK6;RN7SL7P;SAMD9;SAMD9L;HEPACAM2;CCDC132;CALCR;MIR653;MIR489;GNGT1;MIR4652;TFPI2;GNG11;BET1;COL1A2;CASD1;SGCE;PEG10;RN7SKP129;PPP1R9A
CRT-logit,KMT2D,1.7391435238454805e-10,True,60,777,ANO6;ARID2;RN7SL246P;SCAF11;SLC38A1;SLC38A2;SLC38A4;AMIGO2;PCED1B;MIR4698;MIR4494;RPAP3;ENDOU;RAPGEF3;SLC48A1;HDAC7;VDR;TMEM106C;COL2A1;SENP1;PFKM;ASB8;C12orf68;OR10AD1;H1FNT;ZNF641;ANP32D;C12orf54;OR8S1;LALBA;KANSL2;SNORA34;SNORA2A;SNORA2B;CCNT1;LINC00935;ADCY6;MIR4701;CACNB3;DDX23;RND1;CCDC65;FKBP11;ARF3;WNT10B;WNT1;DDN;PRKAG1;KMT2D;RHEBL1;DHH;LMBR1L;TUBA1B;TUBA1A;TUBA1C;PRPH;TROAP;C1QL4;DNAJC22;SPATS2
CRT-logit,snoU13,1.9119636165447883e-10,False,3,668,snoU13;snoU13;snoU13
CRT-logit,CHL1,2.36557079077957e-10,True,18,361,CHL1;RN7SL120P;CNTN6;RN7SKP144;CNTN4;IL5RA;TRNT1;CRBN;SUMF1;LRRN1;SETMAR;ITPR1;EGOT;BHLHE40;ARL8B;EDEM1;MIR4790;RN7SL553P
CRT-logit,DNAH1,2.8152893243851785e-10,True,63,588,MANF;RBM15B;VPRBP;RAD54L2;RNU6ATAC29P;TEX264;RNA5SP132;GRM2;IQCF6;IQCF3;IQCF2;RN7SL504P;IQCF5;IQCF1;RRP9;PARP3;GPR62;PCBP4;ABHD14B;ABHD14A;ACY1;RPL29;DUSP7;POC1A;ALAS1;TLR9;TWF2;PPM1M;WDR82;MIRLET7G;GLYCTK;MIR135A1;DNAH1;BAP1;PHF7;SEMA3G;TNNC1;NISCH;STAB1;NT5DC2;SMIM4;PBRM1;RNU6ATAC16P;GNL3;SNORD19;SNORD19;SNORD19B;SNORD19B;SNORD69;GLT8D1;SPCS1;NEK4;ITIH1;ITIH3;ITIH4;MUSTN1;TMEM110;SFMBT1;RFT1;PRKCD;TKT;DCP1A;CACNA1D
CRT-logit,SLC27A2,2.9348292879588903e-10,True,32,460,SLC27A2;HDC;RN7SL494P;GABPB1;MIR4712;USP8;RNA5SP395;USP50;TRPM7;RN7SL354P;SPPL2A;AP4E1;TNFAIP8L3;CYP19A1;MIR4713;GLDN;DMXL2;SCG3;LYSMD2;TMOD2;TMOD3;LEO1;MAPK6;BCL2L10;GNB5;MYO5C;MIR1266;MYO5A;ARPP19;FAM214A;ONECUT1;WDR72
CRT-logit,snoU13,7.834653561844458e-10,False,1,206,snoU13
CRT-logit,RN7SL686P,8.017941860498058e-10,False,1,175,RN7SL686P
CRT-logit,LANCL2,1.7436101706084495e-09,False,2,426,LANCL2;VOPP1
CRT-logit,LINC00469,1.7713606912705866e-09,False,42,408,LINC00469;RPL38;TTYH2;DNAI2;KIF19;BTBD17;GPR142;RNA5SP448;GPRC5C;CD300A;CD300LB;CD300C;CD300LD;C17orf77;CD300E;RAB37;CD300LF;MIR3615;SLC9A3R1;NAT9;TMEM104;GRIN2C;FDXR;FADS6;USH1G;OTOP2;OTOP3;HID1;CDR2L;ICT1;KCTD2;ATP5H;RN7SL573P;SLC16A5;ARMC7;NT5C;HN1;SUMO2;NUP85;GGA3;MRPS7;MIF4GD
CRT-logit,SNORA74,2.3081193209864894e-09,False,54,912,SNORA74;SNORA74;SNORA74;SNORA74;SNORA74;ACTR2;SPRED2;RN7SL635P;MIR4778;MEIS1;ETAA1;C1D;WDR92;PNO1;PPP3R1;CNRIP1;PLEK;FBXO48;APLF;PROKR1;ARHGAP25;BMP10;GKN2;GKN1;ANTXR1;MIR3126;RNA5SP96;GFPT1;NFU1;AAK1;RN7SL604P;SNORA36C;ANXA4;GMCL1;SNRNP27;MXD1;ASPRV1;RN7SL470P;PCBP1;C2orf42;TIA1;PCYOX1;SNRPG;FAM136A;TGFA;ADD2;FIGLA;CLEC4F;CD207;VAX2;ATP6V1B1;RN7SL160P;TEX261;ANKRD53
CRT-logit,CDH15,2.6636362263506207e-09,True,68,514,EMC8;COX4I1;IRF8;LINC00917;FENDRR;FOXF1;MTHFSD;FOXC2;FOXL1;C16orf95;FBXO31;MAP1LC3B;ZCCHC14;JPH3;KLHDC4;SLC7A5;CA5A;BANP;ZNF469;ZFPM1;MIR5189;ZC3H18;IL17C;CYBA;MVD;SNAI3;RNF166;CTU2;PIEZO1;MIR4722;CDT1;APRT;GALNS;TRAPPC2L;PABPN1L;CBFA2T3;ACSF3;LINC00304;CDH15;SLC22A31;ZNF778;ANKRD11;SPG7;RPL13;SNORD68;CPNE7;DPEP1;CHMP1A;SPATA33;CDK10;SPATA2L;VPS9D1;ZNF276;FANCA;SPIRE2;TCF25;MC1R;TUBB3;DEF8;CENPBD1;AFG3L1P;DBNDD1;GAS8;C16orf3;URAHP;PRDM7;TUBB8P7;FAM157C
CRT-logit,SHROOM3,3.5833878475674596e-09,True,28,319,SHROOM3;MIR4450;MIR548AH;SOWAHB;SEPT11;CCNI;CCNG2;CXCL13;CNOT6L;MRPL1;FRAS1;ANXA3;BMP2K;PAQR3;RN7SL127P;NAA11;GK2;LINC00989;OR7E94P;PCAT4;ANTXR2;PRDM8;FGF5;C4orf22;BMP3;PRKG2;RASGEF1B;HNRNPD
CRT-logit,CYP4B1,5.547494647498812e-09,True,62,573,SNORD38A;SNORD38B;BEST4;PLK3;TCTEX1D4;BTBD19;PTCH2;EIF2B3;RNA5SP47;HECTD3;UROD;ZSWIM5;HPDL;MUTYH;TOE1;TESK2;CCDC163P;MMACHC;PRDX1;AKR1A1;NASP;CCDC17;GPBP1L1;TMEM69;IPP;MAST2;PIK3R3;TSPAN1;POMGNT1;LURAP1;RAD54L;LRRC41;UQCRH;NSUN4;FAAH;DMBX1;KNCN;MKNK1;MOB3C;ATPAF1;TEX38;EFCAB14;CYP4B1;CYP4Z2P;CYP4A11;CYP4X1;CYP4Z1;CYP4A22;LINC00853;PDZK1IP1;TAL1;STIL;CMPK1;FOXE3;FOXD2;TRABD2B;SLC5A9;SPATA6;AGBL4;BEND5;ELAVL4;DMRTA2
CRT-logit,C11orf83,7.684967902594376e-09,False,16,305,C11orf83;UBXN1;LRRN4CL;BSCL2;GNG3;HNRNPUL2;TTC9C;ZBTB3;POLR2G;TAF6L;TMEM223;TMEM179B;NXF1;STX5;WDR74;SNHG1
CRT-logit,NAA38,8.170186590479506e-09,False,1,99,NAA38
CRT-logit,PCDH9,8.516831614187703e-09,True,35,783,MIR548X2;MIR4704;PCDH9;LINC00364;RN7SL761P;KLHL1;RNY3P10;ATXN8OS;LINC00348;DACH1;MZT1;BORA;DIS3;PIBF1;KLF5;RNY1P8;LINC00393;LINC00392;KLF12;LINC00381;LINC00402;RNY1P5;LINC00347;TBC1D4;COMMD6;UCHL3;LMO7;C13orf45;LINC00561;RN7SL571P;KCTD12;IRG1;CLN5;FBXL3;MYCBP2
CRT-logit,U3,9.642179014769603e-09,False,1,15,U3
CRT-logit,ZNF292,1.0123548023220985e-08,True,46,653,IRAK1BP1;PHIP;HMGN3;LCA5;SH3BGRL2;ELOVL4;TTK;BCKDHB;FAM46A;RNA5SP210;IBTK;TPBG;UBE3D;DOPEY1;PGM3;RWDD2A;ME1;PRSS35;SNAP91;RIPPLY2;CYB5R4;MRAP2;KIAA1009;TBX18;NT5E;SNX14;SYNCRIP;SNHG5;RN7SL643P;HTR1E;RN7SKP209;CGA;ZNF292;GJB7;SMIM8;C6orf163;C6ORF165;C6orf165;SLC35A1;RARS2;ORC3;AKIRIN2;RN7SL183P;SPACA1;CNR1;RNGTT
CRT-logit,RN7SL855P,1.0286617527775099e-08,False,1,177,RN7SL855P
CRT-logit,MIR3654,1.2816523487085957e-08,False,1,55,MIR3654
CRT-logit,snoU13,1.3724425645038017e-08,False,1,268,snoU13
CRT-logit,snoU13,1.5331280124415124e-08,False,3,482,snoU13;snoU13;snoU13
CRT-logit,LINC00700,1.9991673970587247e-08,False,33,511,LINC00700;LINC00701;PFKP;PITRM1;KLF6;LINC00702;LINC00703;LINC00704;LINC00705;AKR1E2;AKR1C1;AKR1C2;AKR1C3;AKR1CL1;AKR1C4;AKR1C7P;UCN3;TUBAL3;NET1;CALML5;CALML3;RN7SL445P;ASB13;FAM208B;GDI2;ANKRD16;FBXO18;IL15RA;IL2RA;RBM17;PFKFB3;RN7SKP78;MIR3155A
CRT-logit,U8,2.3043747833364942e-08,False,4,303,U8;U8;U8;U8
CRT-logit,snoU13,4.793425000414961e-08,False,6,633,snoU13;snoU13;snoU13;snoU13;snoU13;snoU13
CRT-logit,SOX6,5.117091832458134e-08,False,3,651,SOX6;RN7SL188P;C11orf58
CRT-logit,snoU109,6.977823166633154e-08,False,5,632,snoU109;snoU109;snoU109;snoU13;snoU13
CRT-logit,TSPEAR,8.990489169036258e-08,True,33,508,TSPEAR;C21orf90;UBE2G2;SUMO3;PTTG1IP;ITGB2;C21orf67;FAM207A;LINC00163;LINC00162;PRED57;SSR4P1;ADARB1;LINC00334;POFUT2;LINC00205;LINC00315;LINC00316;COL18A1;SLC19A1;PCBP3;COL6A1;COL6A2;FTCD;SPATC1L;LSS;MCM3AP;YBEY;C21orf58;PCNT;DIP2A;S100B;PRMT2
CRT-logit,SYT10,2.1175650628379933e-07,False,10,893,SYT10;ALG10;RNA5SP358;RNA5SP359;ALG10B;CPNE8;KIF21A;ABCD2;C12orf40;SLC2A13
CRT-logit,SLCO5A1,2.2624572703749337e-07,True,61,499,FAM110B;UBXN2B;CYP7A1;SDCBP;NSMAF;TOX;RNA5SP267;CA8;RAB2A;CHD7;CLVS1;ASPH;RN7SKP97;MIR4470;NKAIN3;GGH;TTPA;YTHDF3;RN7SL135P;RN7SKP135;BHLHE22;CYP7B1;ARMC1;MTFR1;PDE7A;DNAJC5B;TRIM55;CRH;LINC00967;RRS1;ADHFE1;C8orf46;MYBL1;VCPIP1;C8orf44;SGK3;MCMDC2;SNHG6;SNORD87;TCF24;PPP1R42;COPS5;CSPP1;RNA5SP268;ARFGEF1;CPA6;PREX2;C8orf34;RNA5SP269;SULF1;SLCO5A1;RN7SKP29;RN7SL675P;RNA5SP270;PRDM14;NCOA2;TRAM1;LACTB2;RN7SL19P;XKR9;EYA1
CRT-logit,LINC00618,2.501823316748023e-07,False,1,137,LINC00618
CRT-logit,SNORA25,2.803460273903842e-07,False,1,67,SNORA25
CRT-logit,MYH11,3.07764438372849e-07,True,53,422,BFAR;PLA2G10;NPIPA3;NPIPA2;NOMO1;NPIPA1;PDXDC1;NTAN1;RRN3;NPIPP1;PKD1P6;NPIPA5;MPV17L;C16orf45;KIAA0430;NDE1;MIR484;MYH11;FOPNL;ABCC1;ABCC6;NOMO3;NPIPA7;XYLT1;NPIPA8;PKD1P5;NOMO2;ABCC6P1;RPS15A;ARL6IP1;SMG1;TMC7;COQ7;ITPRIPL2;SYT17;CLEC19A;TMC5;GDE1;CCP110;C16orf62;KNOP1;IQCK;GPRC5B;GPR139;GP2;UMOD;PDILT;ACSM5;ACSM2A;ACSM2B;ACSM3;ACSM1;THUMPD1
CRT-logit,CBX5,3.1301315755849344e-07,False,50,850,CBX5;RN7SL390P;HNRNPA1;NFE2;COPZ1;MIR148B;RN7SL744P;GPR84;ZNF385A;ITGA5;GTSF1;NCKAP1L;PDE1B;PPP1R1A;GLYCAM1;LACRT;DCD;MUCL1;TESPA1;NEUROD4;OR9K2;OR10A7;OR6C74;OR6C6;OR6C1;OR6C3;OR6C75;OR6C65;OR6C76;OR6C2;OR6C70;OR6C68;OR6C4;OR2AP1;OR10P1;METTL7B;ITGA7;BLOC1S1;RDH5;CD63;GDF11;SARNP;ORMDL2;DNAJC14;TMEM198B;MMP19;WIBG;DGKA;PMEL;CDK2
CRT-logit,RN7SKP84,3.1667369291794537e-07,False,1,154,RN7SKP84
CRT-logit,TP53,3.493654769432882e-07,True,16,394,SNORA67;CD68;MPDU1;SOX15;FXR2;SHBG;SAT2;ATP1B2;TP53;WRAP53;EFNB3;DNAH2;RPL29P2;KDM6B;TMEM88;LSMD1
CRT-logit,RN7SL371P,4.81336951466599e-07,False,1,4,RN7SL371P
CRT-logit,GRID1,5.443593733809993e-07,False,20,369,GRID1;RN7SKP238;RNA5SP322;MIR346;WAPAL;OPN4;LDB3;BMPR1A;MMRN2;SNCG;ADIRF;AGAP11;FAM25A;GLUD1;FAM35A;RN7SL733P;NUTM2A;LINC00863;NUTM2D;MINPP1
CRT-logit,TPTE,5.85236215251496e-07,True,34,731,MIR3648;TEKT4P2;RN7SL52P;BAGE2;TPTE;ANKRD30BP2;POTED;CYP4F29P;ANKRD20A11P;RNA5SP488;LIPI;RBM11;ABCC13;HSPA13;SAMSN1;NRIP1;USP25;LINC00478;MIR99A;MIRLET7C;MIR125B2;C21orf37;RN7SL163P;CXADR;BTG3;C21orf91;CHODL;TMPRSS15;MIR548X;RN7SKP147;LINC00320;NCAM2;LINC00317;LINC00308
CRT-logit,CEP170,9.421863768015932e-07,False,15,545,CEP170;SDCCAG8;MIR4677;AKT3;ZBTB18;RN7SL148P;C1orf100;ADSS;C1orf101;DESI2;COX20;HNRNPU;RN7SKP55;EFCAB2;KIF26B
CRT-logit,FLNB,9.782281480480363e-07,True,39,456,SNORD63;SNORD63;CHDH;IL17RB;ACTR8;SELK;CACNA2D3;ESRG;LRTM1;WNT5A;ERC2;MIR3938;RN7SKP45;RNA5SP133;CCDC66;FAM208A;ARHGEF3;SPATA12;IL17RD;HESX1;APPL1;ASB14;DNAH12;PDE12;ARF4;RNU6ATAC26P;DENND6A;SLMAP;FLNB;DNASE1L3;ABHD6;RPP14;PXK;PDHB;KCTD6;ACOX2;FAM107A;FAM3D;C3orf67
CRT-logit,U8,1.1176950087784978e-06,False,16,960,U8;U8;U8;U8;U8;U8;U8;U8;U8;U8;U8;U8;U8;U8;U8;U8
CRT-logit,snoU13,1.1748061203888662e-06,False,1,244,snoU13
CRT-logit,snoU13,1.317582878937769e-06,False,1,271,snoU13
CRT-logit,snoU13,1.415437585981529e-06,False,1,269,snoU13
CRT-logit,ZNF280C,1.4241295434385074e-06,True,117,776,APLN;XPNPEP2;SASH3;ZDHHC9;UTP14A;BCORL1;ELF4;AIFM1;RAB33A;ZNF280C;SLC25A14;GPR119;RBMX2;ENOX2;ARHGAP36;RN7SL191P;IGSF1;OR13H1;RNA5SP514;MST4;FRMD7;RAP2C;MBNL3;HS6ST2;USP26;TFDP3;GPC4;GPC3;MIR363;MIR92A2;MIR19B2;MIR20B;MIR18B;MIR106A;CCDC160;PHF6;HPRT1;MIR450B;MIR450A1;MIR450A2;MIR542;MIR503HG;MIR503;LINC00629;PLAC1;FAM122B;FAM122C;MOSPD1;SMIM10;FAM127C;FAM127A;FAM127B;LINC00633;CXorf48;ZNF75D;ZNF449;LINC00086;LINC00087;RNA5SP515;DDX26B;CT45A1;CT45A3;CT45A4;CT45A5;CT45A6;CT45A2;SAGE1;MMGT1;SLC9A6;FHL1;MAP7D3;GPR112;BRS3;HTATSF1;VGLL1;MIR934;LINC00892;CD40LG;ARHGEF6;RBMX;SNORD61;SNORD61;GPR101;ZIC3;RN7SL325P;RN7SKP31;FGF13;MIR504;F9;MCF2;ATP11C;RNU6ATAC23P;MIR505;CXorf66;RN7SL727P;SOX3;LINC00632;CDR1;MIR320D2;SPANXB1;SPANXB2;LDOC1;SPANXC;SPANXA1;SPANXA2;SPANXD;MAGEC3;MAGEC1;MAGEC2;RNA5SP516;SPANXN4;RN7SKP81;RN7SKP149;SPANXN3;SLITRK4;SPANXN2;UBE2NL
CRT-logit,RNA5SP384,1.4570097007876358e-06,False,67,816,RNA5SP384;RPS29;RN7SL1;LRR1;RPL36AL;MGAT2;DNAAF2;POLE2;RNU6ATAC30P;KLHDC1;KLHDC2;NEMF;RN7SL3;RN7SL2;ARF6;C14orf182;RN7SKP193;METTL21D;SOS2;L2HGDH;MIR4504;ATP5S;CDKL1;MAP4K5;ATL1;SAV1;RN7SL452P;NIN;PYGL;ABHD12B;TRIM9;TMX1;LINC00519;LINC00640;FRMD6;RNA5SP385;GNG2;C14orf166;NID2;PTGDR;PTGER2;TXNDC16;GPR137C;ERO1L;PSMC6;STYX;GNPNAT1;FERMT2;DDHD1;MIR5580;BMP4;CDKN3;CNIH;GMFB;CGRRF1;SAMD4A;GCH1;RNU6ATAC9P;MIR4308;WDHD1;SOCS4;MAPK1IP1L;LGALS3;DLGAP5;FBXO34;ATG14;TBPL2
CRT-logit,U6,1.6752724119711951e-06,False,1,2,U6
CRT-logit,DMBT1,1.6937434807754391e-06,True,76,537,FAM45A;SFXN4;PRDX3;GRK5;RN7SL749P;MIR4681;RGS10;TIAL1;BAG3;INPP5F;RN7SL846P;MCMBP;SEC23IP;MIR4682;PPAPDC1A;C10orf85;WDR11;RN7SKP167;FGFR2;ATE1;NSMCE4A;TACC2;BTBD16;PLEKHA1;MIR3941;ARMS2;HTRA1;DMBT1;C10orf120;CUZD1;FAM24B;FAM24A;C10orf88;PSTK;IKZF5;ACADSB;HMX3;HMX2;BUB3;GPR26;CPXM2;CHST15;OAT;LHPP;FAM53B;METTL10;FAM175B;ZRANB1;CTBP2;MIR4296;TEX36;C10orf137;MMP21;UROS;MIR4484;BCCIP;DHX32;FANK1;ADAM12;RNA5SP328;LINC00601;C10orf90;DOCK1;FAM196A;NPS;FOXI2;CLRN3;PTPRE;MKI67;MGMT;EBF3;MIR4297;LINC00959;GLRX3;MIR378C;TCERG1L
CRT-logit,SNORD43,2.9456824872414697e-06,False,36,506,SNORD43;SYNGR1;TAB1;MGAT3;SMCR7L;ATF4;RPS19BP1;CACNA1I;ENTHD1;RN7SKP210;GRAP2;FAM83F;TNRC6B;ADSL;SGSM3;MKL1;MCHR1;SLC25A17;MIR4766;ST13;XPNPEP3;DNAJB7;RBX1;EP300;MIR1281;L3MBTL2;CHADL;RANGAP1;ZC3H7B;TEF;TOB2;ACO2;PHF5A;POLR3H;CSDC2;PMM1
CRT-logit,WWC3,3.0359429358295295e-06,True,22,519,PRKX;NLGN4X;MIR4770;VCX3A;HDHD1;STS;MIR4767;VCX;PNPLA4;MIR651;VCX2;VCX3B;KAL1;FAM9A;FAM9B;RNA5SP499;TBL1X;GPR143;SHROOM2;WWC3;CLCN4;MID1
CRT-logit,RMRPP1,3.1917129737614888e-06,False,1,152,RMRPP1
CRT-logit,snoU13,3.2315320775917026e-06,False,1,201,snoU13
CRT-logit,TEX15,3.3304798844154794e-06,True,50,366,SCARA3;MIR3622B;CCDC25;ESCO2;PBK;SCARA5;MIR4287;NUGGC;ELP3;PNOC;ZNF395;FBXO16;FZD3;MIR4288;RNA5SP259;EXTL3;INTS9;HMBOX1;RNA5SP260;KIF13B;DUSP4;LINC00589;FAM183CP;MIR3148;TMEM66;LEPROTL1;MBOAT4;DCTN6;TUBBP1;RBPMS;GTF2E2;SMIM18;GSR;UBXN8;PPP2CB;TEX15;PURG;WRN;RNA5SP261;NRG1;RNA5SP262;RNA5SP263;FUT10;TTI2;MAK16;SNORD13;RNF122;RN7SL621P;DUSP26;RN7SL457P
CRT-logit,ACAN,4.115732704835937e-06,True,108,862,LINC00052;NTRK3;MRPL46;MRPS11;DET1;MIR1179;AEN;ISG20;ACAN;HAPLN3;MFGE8;ABHD2;RLBP1;FANCI;POLG;LINC00925;RHCG;LINC00928;TICRR;KIF7;PLIN1;PEX11A;WDR93;MESP1;MESP2;ANPEP;AP3S2;C15orf38;MIR5094;MIR5009;ZNF710;MIR3174;IDH2;SEMA4B;RN7SL346P;CIB1;GDPGP1;TTLL13;NGRN;RN7SL736P;GABARAPL3;ZNF774;IQGAP1;CRTC3;BLM;RN7SL363P;FURIN;FES;MAN2A2;HDDC3;UNC45A;RCCD1;PRC1;VPS33B;SV2B;SLCO3A1;ST8SIA2;C15orf32;LINC00930;FAM174B;CHD2;MIR3175;RGMA;MCTP2;LINC00924;NR2F2;MIR1469;RN7SKP254;SPATA8;RN7SKP181;LINC00923;RN7SL677P;RNA5SP401;ARRDC4;FAM169B;IGF1R;MIR4714;PGPEP1L;SYNM;TTC23;LRRC28;MEF2A;LYSMD4;RN7SL484P;DNM1P46;ADAMTS17;RNA5SP402;SPATA41;CERS3;LINS;ASB7;ALDH1A3;LRRK1;CHSY1;VIMP;SNRPA1;PCSK6;TM2D3;TARSL2;DNM1P47;RN7SL209P;OR4F6;OR4F15;OR4F13P;OR4F4;FAM138E;WASH3P;DDX11L9
CRT-logit,SNORA22,4.393052941187944e-06,False,1,53,SNORA22
CRT-logit,SNORA64,4.917584723330047e-06,False,1,90,SNORA64
CRT-logit,SNORA30,5.011386623170643e-06,False,1,92,SNORA30
CRT-logit,PLCH1,5.149108664295941e-06,True,72,875,PLOD2;PLSCR4;PLSCR2;PLSCR1;PLSCR5;ZIC4;ZIC1;AGTR1;CPB1;CPA3;GYG1;HLTF;HPS3;CP;CPHL1P;TM4SF18;TM4SF1;TM4SF4;TAZ;WWTR1;COMMD2;ANKUB1;RNF13;PFN2;TSC22D2;SERP1;EIF2A;SELT;FAM194A;SIAH2;FAM188B2;CLRN1;MED12L;RNA5SP145;GPR171;P2RY14;GPR87;P2RY13;P2RY12;IGSF10;MIR5186;AADACL2;AADAC;SUCNR1;MBNL1;TMEM14E;P2RY1;RAP2B;RN7SL300P;C3orf79;ARHGEF26;DHX36;GPR149;MME;PLCH1;C3orf33;SLC33A1;GMPS;KCNAB1;SSR3;LINC00886;TIPARP;LEKR1;RN7SKP177;LINC00880;LINC00881;CCNL1;RNA5SP146;VEPH1;PTX3;C3orf55;RN7SKP46
CRT-logit,snoU13,5.699061262028806e-06,False,1,263,snoU13
CRT-logit,DNAH3,6.4625144903005885e-06,True,53,717,ERI2;DCUN1D3;LYRM1;DNAH3;TMEM159;ZP2;ANKS4B;CRYM;NPIPB3;METTL9;IGSF6;OTOA;RRN3P1;NPIPB4;UQCRC2;PDZD9;C16orf52;VWA3A;SDR42E2;EEF2K;POLR3E;CDR2;RRN3P3;SMG1P1;NPIPB5;HS3ST2;USP31;SCNN1G;SCNN1B;COG7;RN7SKP23;GGA2;EARS2;UBFD1;NDUFAB1;PALB2;DCTN5;PLK1;ERN2;CHP2;PRKCB;CACNG3;RBBP6;TNRC6A;SLC5A11;ARHGAP17;LCMT1;RN7SL557P;AQP8;ZKSCAN2;HS3ST4;MIR548W;RNA5SP405
CRT-logit,RN7SL232P,7.06406698885458e-06,False,1,159,RN7SL232P
CRT-logit,SSTR4,7.681874959682999e-06,True,47,729,PLK1S1;RNA5SP477;XRN2;RN7SKP140;PAX1;LINC00261;FOXA2;SSTR4;THBD;CD93;LINC00656;RNA5SP478;NXT1;GZF1;NAPB;RNA5SP479;CSTL1;CST11;CST8;CST13P;CST9L;CST9;CST3;CST4;CST1;CST2;CST5;GGTLC1;SYNDIG1;CST7;APMAP;ACSS1;VSX1;ENTPD6;PYGB;ABHD12;GINS1;NINL;RNU6ATAC17P;NANP;RN7SL594P;ZNF337;FAM182B;FAM182A;NCOR1P1;MIR663A;FRG1B
CRT-logit,FAM53A,7.819363888818774e-06,False,41,769,FAM53A;SLBP;TACC3;TMEM129;FGFR3;LETM1;WHSC1;SCARNA22;NELFA;MIR943;C4orf48;NAT8L;POLN;HAUS3;MXD4;MIR4800;ZFYVE28;RN7SL589P;RNF4;FAM193A;TNIP2;SH3BP2;ADD1;MFSD10;NOP14;GRK4;HTT;MSANTD1;RGS12;HGFAC;DOK7;LRPAP1;LINC00955;ADRA2C;FAM86EP;OTOP1;TMEM128;LYAR;ZBTB49;NSG1;STX18
CRT-logit,LRRC7,8.845040892695387e-06,True,34,359,DNAJC6;LEPROT;LEPR;RN7SL854P;PDE4B;SGIP1;MIR3117;TCTEX1D1;INSL5;WDR78;MIER1;SLC35D1;C1orf141;IL23R;RNU4ATAC4P;IL12RB2;SERBP1;RN7SL392P;GADD45A;GNG12;DIRAS3;WLS;MIR1262;RPE65;DEPDC1;LRRC7;RN7SL538P;PIN1P1;LRRC40;RN7SL242P;SRSF11;ANKRD13C;HHLA3;CTH
CRT-logit,WDR90,1.0434829621567439e-05,True,93,771,DDX11L10;WASH4P;WASIR2;POLR3K;SNRNP25;RHBDF1;MPG;NPRL3;HBZ;HBM;HBA2;HBA1;HBQ1;LUC7L;ITFG3;RGS11;ARHGDIG;PDIA2;AXIN1;MRPL28;TMEM8A;NME4;DECR2;RAB11FIP3;CAPN15;MIR5587;MIR3176;C16orf11;PIGQ;NHLRC4;RAB40C;WFIKKN1;C16orf13;FAM195A;WDR90;RHOT2;RHBDL1;STUB1;JMJD8;WDR24;FBXL16;METRN;FAM173A;CCDC78;HAGHL;NARFL;MSLN;MSLNL;MIR662;RPUSD1;CHTF18;GNG13;LMF1;SOX8;SSTR5;C1QTNF8;CACNA1H;TPSG1;TPSB2;TPSAB1;TPSD1;PRSS29P;UBE2I;BAIAP3;TSR3;GNPTG;UNKL;C16orf91;CCDC154;CLCN7;PTX4;TELO2;IFT140;TMEM204;CRAMP1L;HN1L;MAPK8IP3;MIR3177;NME3;MRPS34;EME2;SPSB3;NUBP2;IGFALS;HAGH;FAHD1;MEIOB;HS3ST6;MSRB1;RPL3L;NDUFB10;RPS2;SNORA10
CRT-logit,SARS2,1.1501847458923456e-05,False,29,368,SARS2;MRPS12;FBXO17;FBXO27;PAPL;PAK4;NCCRP1;SYCN;IFNL3;IFNL4;IFNL2;IFNL1;LRFN1;GMFG;SAMD4B;RN7SL566P;PAF1;MED29;ZFP36;MIR4530;PLEKHG2;RPS16;SUPT5H;TIMM50;DLL3;SELV;EID2B;EID2;LGALS13
CRT-logit,SNORA48,1.213156714469103e-05,False,11,591,SNORA48;SNORA48;SNORA48;SNORA48;SNORA48;SNORA48;SNORA48;SNORA48;SNORA48;SNORA48;SNORA48
CRT-logit,MTAP,1.3265707561542378e-05,False,3,379,MTAP;CDKN2A;CDKN2B
CRT-logit,BTBD11,1.575908885028019e-05,True,88,664,APPL2;C12orf75;NUAK1;CKAP4;TCP11L2;POLR3B;RFX4;RIC8B;C12orf23;MTERFD3;CRY1;BTBD11;RNA5SP371;PWP1;PRDM4;ASCL4;WSCD2;CMKLR1;FICD;SART3;ISCU;TMEM119;SELPLG;CORO1C;SSH1;MIR619;DAO;SVOP;USP30;RNA5SP372;ALKBH2;UNG;ACACB;FOXN4;MYO1H;KCTD10;UBE3B;MMAB;MVK;RN7SKP250;FAM222A;TRPV4;MIR4497;GLTP;RN7SL441P;TCHP;GIT2;ANKRD13A;C12orf76;IFT81;ATP2A2;RN7SL769P;ANAPC7;ARPC3;GPN3;FAM216A;VPS29;RAD9B;PPTC7;TCTN1;RN7SL387P;HVCN1;PPP1CC;CCDC63;MYL2;CUX2;RNA5SP373;FAM109A;SH2B3;ATXN2;BRAP;ACAD10;ALDH2;MAPKAPK5;ADAM1A;TMEM116;ERP29;NAA25;MIR3657;TRAFD1;HECTD4;RN7SKP71;RPL6;PTPN11;RPH3A;OAS1;OAS3;OAS2
CRT-logit,LAX1,1.9065591178790377e-05,False,10,569,LAX1;ZBED6;ZC3H11A;SNRPE;LINC00303;SOX13;ETNK2;REN;KISS1;GOLT1A
CRT-logit,SNORA76,1.9111125426249326e-05,False,1,103,SNORA76
CRT-logit,TP63,2.0083076182293598e-05,True,42,968,BCL6;LPP;MIR28;TPRG1;TP63;MIR944;LEPREL1;CLDN1;CLDN16;TMEM207;IL1RAP;RN7SKP296;GMNC;OSTN;UTS2B;CCDC50;PYDC2;RN7SKP222;FGF12;MB21D2;HRASLS;ATP13A5;ATP13A4;OPA1;RN7SL447P;HES1;RN7SL215P;LINC00887;CPN2;LRRC15;GP5;ATP13A3;TMEM44;LSG1;FAM43A;XXYLT1;MIR3137;RN7SL36P;ACAP2;PPP1R2;RNU6ATAC24P;RN7SL73P
CRT-logit,CAMTA1,2.0753759972215373e-05,False,7,341,CAMTA1;VAMP3;PER3;UTS2;TNFRSF9;PARK7;ERRFI1
CRT-logit,LINC00035,2.2728914491529638e-05,False,1,134,LINC00035
CRT-logit,SNORD23,2.413540191554984e-05,False,74,655,SNORD23;SEPW1;TPRX1;CRX;TPRX2P;SULT2A1;BSPH1;ELSPBP1;CABP5;PLA2G4C;LIG1;C19orf68;CARD8;ZNF114;CCDC114;EMP3;TMEM143;SYNGR4;KDELR1;GRIN2D;GRWD1;KCNJ14;CYTH2;LMTK3;SULT2B1;FAM83E;SPACA4;RPL18;SPHK2;DBP;CA11;SEC1P;NTN5;FUT2;MAMSTR;RASIP1;IZUMO1;FUT1;FGF21;BCAT2;HSD17B14;PLEKHA4;PPP1R15A;TULP2;NUCB1;DHDH;BAX;FTL;GYS1;RUVBL2;LHB;CGB2;CGB1;CGB;CGB5;CGB8;CGB7;NTF4;KCNA7;RN7SL708P;SNRNP70;LIN7B;C19orf73;PPFIA3;HRC;TRPM4;SLC6A16;MIR4324;CD37;TEAD2;DKKL1;CCDC155;PTH2;SLC17A7
CRT-logit,MAN2B2,2.4345392388501965e-05,True,131,962,MSX1;RN7SKP113;CYTL1;STK32B;RN7SKP275;C4orf6;EVC2;EVC;CRMP1;C4orf50;MIR378D1;JAKMIP1;WFS1;PPP2R2C;MAN2B2;MRFAP1;S100P;MRFAP1L1;BLOC1S4;KIAA0232;TBC1D14;RN7SKP292;CCDC96;TADA2B;GRPEL1;RN7SKP36;SORCS2;MIR4798;PSAPL1;MIR4274;AFAP1;ABLIM2;MIR95;SH3TC1;HTRA3;ACOX3;RNA5SP152;TRMT44;GPR78;CPZ;HMX1;FAM90A26;USP17L10;USP17L11;USP17L12;USP17L13;USP17L15;USP17L17;USP17L18;USP17L19;USP17L20;USP17L21;USP17L22;USP17L23;USP17L24;USP17L25;USP17L26;USP17L5;USP17L27;USP17L28;USP17L29;USP17L30;RNA5SP153;DEFB131;MIR548I2;SLC2A9;DRD5;RNA5SP154;WDR1;MIR3138;RNA5SP155;ZNF518B;CLNK;MIR572;HS3ST1;RNA5SP156;HSP90AB2P;RAB28;BOD1L1;MIR5091;LINC00504;CPEB2;RN7SKP170;C1QTNF7;CC2D2A;FBXL5;FAM200B;BST1;CD38;FGFBP1;FGFBP2;PROM1;TAPT1;ZEB2P1;LDB2;QDPR;CLRN2;LAP3;MED28;FAM184B;DCAF16;NCAPG;LCORL;RNA5SP157;SLIT2;PACRGL;KCNIP4;GPR125;GBA3;PPARGC1A;DHX15;MIR573;RN7SL16P;SOD3;CCDC149;LGI2;SEPSECS;PI4K2B;ZCCHC4;ANAPC4;SLC34A2;SEL1L3;SMIM20;RBPJ;CCKAR;TBC1D19;STIM2;RN7SL101P;PCDH7;ARAP2;DTHD1
CRT-logit,SNORD112,2.5635059293732946e-05,False,7,751,SNORD112;SNORD112;SNORD112;SNORD112;SNORD112;SNORD112;SNORD112
CRT-logit,LINC00643,3.2709611776734145e-05,False,4,998,LINC00643;LINC00651;LINC00693;LINC00696
CRT-logit,snoU13,3.348545375673216e-05,False,3,980,snoU13;snoU13;snoU13
CRT-logit,RN7SL816P,3.374240297851835e-05,False,1,176,RN7SL816P
CRT-logit,CR2,3.921452062585185e-05,True,55,969,CDK18;MFSD4;ELK4;SLC45A3;NUCKS1;SNORA72;SNORA72;SNORA72;SNORA72;SNORA72;SNORA72;SNORA72;SNORA72;RAB7L1;SLC41A1;PM20D1;SLC26A9;CTSE;C1orf186;AVPR1B;FAM72A;SRGAP2;IKBKE;C1orf147;RASSF5;EIF2D;DYRK3;MAPKAPK2;IL10;IL19;IL20;IL24;FAIM3;PIGR;FCAMR;C1orf116;PFKFB2;YOD1;C4BPB;C4BPA;CD55;CR2;CR1;CR1L;CD46;MIR29C;MIR29B2;CD34;PLXNA2;MIR205HG;CAMK1G;LAMB3;MIR4260;G0S2;HSD11B1
CRT-logit,WASH5P,4.105929931457826e-05,False,35,476,WASH5P;FAM138F;OR4F17;PPAP2C;MIER2;THEG;C2CD4C;SHC2;RNA5SP462;ODF3L2;MADCAM1;TPGS1;CDC34;GZMM;BSG;HCN2;POLRMT;FGF22;RNF126;FSTL3;PRSS57;PALM;MISP;PTBP1;MIR4745;LPPR3;MIR3187;AZU1;PRTN3;ELANE;CFD;MED16;R3HDM4;KISS1R;ARID3A
CRT-logit,SNORD112,4.2116559685831136e-05,False,1,84,SNORD112
CRT-logit,DSC2,4.518831157138508e-05,True,51,894,TAF4B;KCTD1;AQP4;CHST9;CDH2;DSC3;DSC2;DSC1;DSG1;DSG4;DSG3;DSG2;TTR;B4GALT6;RN7SKP44;LRRC37A7P;SLC25A52;TRAPPC8;RNF125;RNF138;GAREM;RNA5SP453;MEP1B;WBP11P1;KLHL14;CCDC178;ASXL3;NOL4;DTNA;MAPRE2;ZNF397;ZSCAN30;ZNF271;ZNF24;ZNF396;INO80C;GALNT1;MIR187;MIR3929;C18orf21;RPRD1A;SLC39A6;ELP2;MOCOS;FHOD3;TPGS2;KIAA1328;CELF4;MIR4318;RN7SKP182;LINC00669
CRT-logit,SNORA31,4.541340891348177e-05,False,3,725,SNORA31;SNORA31;SNORA31
CRT-logit,snoU13,4.936516324379982e-05,False,6,817,snoU13;snoU13;snoU13;snoU13;snoU13;snoU13
CRT-logit,CSF2RA,5.092502926452099e-05,True,29,293,PLCXD1;GTPBP6;LINC00685;PPP2R3B;SHOX;CRLF2;CSF2RA;MIR3690;RNA5SP498;IL3RA;SLC25A6;LINC00106;ASMTL;P2RY8;AKAP17A;ASMT;DHRSX;ZBED1;CD99P1;LINC00102;CD99;XG;GYG2;ARSD;ARSE;ARSH;ARSF;RN7SL578P;MXRA5
CRT-logit,SNORA11,5.393093505670265e-05,False,1,114,SNORA11
CRT-logit,U6,6.028869289624686e-05,False,2,626,U6;U6
CRT-logit,snoU13,6.0333647214375985e-05,False,1,261,snoU13
CRT-logit,FKSG52,7.778736316672383e-05,False,7,993,FKSG52;FKSG61;FKSG62;FKSG63;FKSG68;FLJ00104;FLJ00273
CRT-logit,KIAA1462,7.808109311869617e-05,True,39,920,MIR938;KIAA1462;MTPAP;RN7SL241P;MAP3K8;RN7SL63P;LYZL2;ZNF438;RNA5SP309;ZEB1;ARHGAP12;RN7SL825P;KIF5B;EPC1;C10orf68;CCDC7;ITGB1;RN7SL847P;NRP1;RN7SL398P;LINC00838;PARD3;CUL2;MIR3611;CREM;CCNY;GJD4;FZD8;MIR4683;NAMPTL;ANKRD30A;RN7SL314P;ZNF248;ZNF25;ZNF33A;ZNF37A;HSD17B7P2;SEPT7P9;CCNYL2
CRT-logit,SPTBN5,8.053597213616797e-05,True,52,706,MGA;MIR626;MAPKBP1;JMJD7;PLA2G4B;SPTBN5;RNA5SP393;MIR4310;EHD4;PLA2G4E;PLA2G4D;PLA2G4F;VPS39;MIR627;TMEM87A;GANC;CAPN3;ZNF106;SNAP23;LRRC57;HAUS2;STARD9;CDAN1;TTBK2;UBR1;TMEM62;CCNDBP1;EPB42;TGM5;TGM7;LCMT2;ADAL;ZSCAN29;TUBGCP4;RN7SL487P;TP53BP1;MAP1A;PPIP5K1;CKMT1B;STRC;CATSPER2;CKMT1A;CATSPER2P1;PDIA3;ELL3;SERF2;MIR1282;SERINC4;HYPK;MFAP1;WDR76;FRMD5
CRT-logit,COL19A1,8.782191712050408e-05,True,36,691,LMBRD1;COL19A1;COL9A1;FAM135A;C6orf57;SMAP1;B3GAT2;LINC00472;OGFRL1;MIR30C2;MIR30A;RIMS1;KCNQ5;MIR4282;KHDC1L;KHDC1;DPPA5;KHDC3L;OOEP;DDX43;MB21D1;MTO1;EEF1A1;SLC17A5;CD109;COL12A1;COX7A2;TMEM30A;FILIP1;MIR4463;SENP6;RN7SKP163;MYO6;RNA5SP209;IMPG1;HTR1B
CRT-logit,snoU13,0.00010899690460531771,False,1,229,snoU13
CRT-logit,KLK15,0.00011878010868079471,True,27,385,CLEC11A;GPR32;ACPT;C19orf48;SNORD88B;SNORD88A;SNORD88C;KLK1;KLK15;KLK3;KLK2;KLKP1;KLK4;KLK5;KLK6;KLK7;KLK8;KLK9;KLK10;KLK11;KLK12;KLK13;KLK14;CTU1;SIGLEC9;SIGLEC7;SIGLEC17P
CRT-logit,PLEKHA6,0.00012355308367102634,False,6,327,PLEKHA6;PPP1R15B;PIK3C2B;MDM4;RNA5SP74;LRRN2
CRT-logit,EGF,0.00012531573519971984,True,50,480,DKK2;PAPSS1;SGMS2;CYP2U1;HADH;LEF1;RPL34;OSTC;ETNPPL;COL25A1;SEC24B;RN7SL55P;MIR576;CCDC109B;CASP6;PLA2G12A;CFI;GAR1;RRH;LRIT3;EGF;ELOVL6;RN7SL275P;ENPEP;PITX2;MIR297;C4orf32;AP1AR;TIFA;ALPK1;NEUROG2;C4orf21;LARP7;MIR367;MIR302D;MIR302A;MIR302C;MIR302B;ANK2;CAMK2D;RN7SL184P;ARSJ;UGT8;MIR577;RN7SL808P;NDST4;TRAM1L1;NT5C3AP1;NDST3;SNHG8
CRT-logit,snoU13,0.0001311970156506897,False,1,203,snoU13
CRT-logit,snoU13,0.00013210344382014527,False,1,196,snoU13
CRT-logit,KIAA0020,0.0001345392929247778,True,38,906,SMARCA2;RN7SL592P;VLDLR;KCNV2;KIAA0020;CARM1P1;RFX3;GLIS3;SLC1A1;SPATA6L;PPAPDC2;CDC37L1;AK3;RCL1;JAK2;INSL6;INSL4;RLN2;RLN1;PLGRKT;CD274;PDCD1LG2;KIAA1432;ERMP1;KIAA2026;MLANA;MIR4665;RANBP6;IL33;TPD52L3;UHRF2;GLDC;RN7SL25P;RN7SL123P;KDM4C;C9orf123;PTPRD;RN7SL5P
CRT-logit,IFNW1,0.00014478654626543463,False,8,344,IFNW1;IFNA21;IFNA4;IFNA7;IFNA10;IFNA16;IFNA17;IFNA14
CRT-logit,SNORD112,0.00016419009344144646,False,1,89,SNORD112
CRT-logit,SNORA22,0.00016840299660372536,False,1,54,SNORA22
CRT-logit,U3,0.0001740676287599964,False,1,17,U3
CRT-logit,COL11A2,0.0001748185546230685,True,52,354,BRD2;HCG24;COL11A2;RXRB;RNY4P10;SLC39A7;HSD17B8;RING1;HCG25;VPS52;RPS18;B3GALT4;WDR46;PFDN6;RGL2;TAPBP;ZBTB22;DAXX;KIFC1;PHF1;CUTA;SYNGAP1;MIR5004;ZBTB9;RN7SL26P;BAK1;GGNBP1;LINC00336;ITPR3;MNF1;MIR3934;IP6K3;LEMD2;MLN;MIR1275;GRM4;HMGA1;C6orf1;NUDT3;RPS10;PACSIN1;SPDEF;C6orf106;RN7SL200P;SNRPC;UHRF1BP1;TAF11;ANKS1A;TCP11;SCUBE3;ZNF76;DEF6
CRT-logit,SCARNA11,0.00019221327898953595,False,1,75,SCARNA11
CRT-logit,NOTCH1,0.00021458851748901452,True,20,481,LHX3;QSOX2;DKFZP434A062;GPSM1;DNLZ;CARD9;SNAPC4;SDCCAG3;PMPCA;INPP5E;SEC16A;C9orf163;NOTCH1;MIR4673;MIR4674;EGFL7;MIR126;AGPAT2;FAM69B;SNHG7
CRT-logit,SNORA25,0.0002155489013561357,False,8,951,SNORA25;SNORA25;SNORA25;SNORA25;SNORA25;SNORA25;SNORA25;SNORA25
CRT-logit,C12orf80,0.00023150491850615424,False,8,825,C12orf80;C14orf183;C15ORF31;C15ORF37;C15orf37;C16orf97;C18orf56;C1orf132
CRT-logit,GVQW1,0.00025054165540768425,False,1,131,GVQW1
CRT-logit,MIR1273D,0.00025861961572287863,False,3,567,MIR1273D;MIR1273F;MIR1273G
CRT-logit,CNTN3,0.00027268144459677285,True,78,915,FHIT;PTPRG;C3orf14;FEZF2;CADPS;RN7SL863P;LINC00698;SYNPR;RNA5SP134;SNTN;C3orf49;THOC7;ATXN7;PSMD6;PRICKLE2;ADAMTS9;MAGI1;SLC25A26;RN7SL482P;LRIG1;KBTBD8;SUCLG2;FAM19A1;FAM19A4;RNA5SP135;EOGT;TMF1;MIR3136;UBA3;ARL6IP5;LMOD3;FRMD4B;MITF;RN7SL418P;FOXP1;MIR1284;EIF4E3;GPR27;PROK2;RN7SL271P;LINC00877;LINC00870;RYBP;RNA5SP136;SHQ1;GXYLT2;PPP4R2;EBLN2;PDZRN3;CNTN3;RN7SL294P;FAM86DP;MIR1324;FRG2C;LINC00960;ZNF717;MIR4273;ROBO2;RN7SL647P;RN7SKP61;ROBO1;RN7SL751P;MIR3923;GBE1;LINC00971;CADM2;MIR5688;RN7SKP284;VGLL3;MIR4795;CHMP2B;POU1F1;HTR1F;RNU6ATAC6P;CGGBP1;ZNF654;C3orf38;EPHA3
CRT-logit,ELAVL2,0.0002946578672781212,False,5,616,ELAVL2;IZUMO3;RMRPP5;RN7SKP120;TUSC1
CRT-logit,SNORD88,0.00030028801114753007,False,4,628,SNORD88;SPHAR;SSX6;SUZ12P
CRT-logit,snoU13,0.00030189476427260677,False,9,921,snoU13;snoU13;snoU13;snoU13;snoU13;snoU13;snoU13;snoU13;snoU13
CRT-logit,CEP104,0.00031081675874379864,True,14,401,ARHGEF16;MEGF6;MIR551A;TPRG1L;WRAP73;TP73;CCDC27;SMIM1;LRRC47;RN7SL574P;CEP104;DFFB;C1orf174;AJAP1
CRT-logit,SH3RF2,0.00034488309225774076,True,82,491,PRELID2;GRXCR2;SH3RF2;PLAC8L1;LARS;RBM27;POU4F3;TCERG1;GPR151;PPP2R2B;RNA5SP196;RN7SL791P;STK32A;DPYSL3;JAKMIP2;SPINK1;SCGB3A2;C5orf46;SPINK5;SPINK14;SPINK6;SPINK13;SPINK7;SPINK9;FBXO38;HTR4;ADRB2;SH3TC2;MIR584;RN7SKP145;ABLIM3;AFAP1L1;GRPEL2;PCYOX1L;IL17B;MIR143;MIR145;CSNK1A1;ARHGEF37;RN7SL868P;PPARGC1B;MIR378A;PDE6A;SLC26A2;TIGD6;HMGXB3;CSF1R;PDGFRB;CDX1;SLC6A7;CAMK2A;ARSI;TCOF1;CD74;RPS14;NDST1;SYNPO;MYOZ3;RBM22;DCTN4;SMIM3;IRGM;ZNF300;ZNF300P1;GPX3;TNIP1;ANXA6;CCDC69;GM2A;SLC36A3;SLC36A2;SLC36A1;RNA5SP197;FAT2;SPARC;RN7SKP232;ATOX1;G3BP1;GLRA1;RNA5SP198;NMUR2;GRIA1
CRT-logit,snoU13,0.0003529326389577668,False,9,572,snoU13;snoU13;snoU13;snoU13;snoU13;snoU13;snoU13;snoU13;snoU13
CRT-logit,CYB5D1,0.00035817774619774167,False,3,465,CYB5D1;CHD3;SCARNA21
CRT-logit,RNA5SP75,0.00042856613733455683,False,6,612,RNA5SP75;NFASC;CNTN2;TMEM81;RBBP5;DSTYK
CRT-logit,CACNA1B,0.000430550876013823,True,65,604,LCN10;LCN6;LCN8;LCN15;TMEM141;KIAA1984;RABL6;MIR4292;C9orf172;PHPT1;MAMDC4;EDF1;TRAF2;MIR4479;FBXW5;C8G;LCN12;PTGDS;LCNL1;C9orf142;CLIC3;ABCA2;C9orf139;FUT7;NPDC1;ENTPD2;SAPCD2;UAP1L1;MAN1B1;SNORD62;DPP7;GRIN1;LRRC26;MIR3621;TMEM210;ANAPC2;SSNA1;TPRN;TMEM203;NDOR1;RNF208;C9orf169;RNF224;SLC34A3;TUBB4B;FAM166A;C9orf173;NELFB;TOR4A;NRARP;EXD3;NOXA1;ENTPD8;NSMF;PNPLA7;MRPL41;DPH7;ZMYND19;ARRDC1;C9orf37;EHMT1;MIR602;CACNA1B;TUBBP5;FAM157B
CRT-logit,RLTPR,0.0004340975350387244,True,88,571,SNORA50;SNORA50;SLC38A7;GOT2;RN7SL143P;CDH8;RN7SKP76;CDH11;LINC00922;RNA5SP428;CDH5;LINC00920;BEAN1;TK2;CKLF;CMTM1;CMTM2;CMTM3;CMTM4;DYNC1LI2;CCDC79;NAE1;CA7;PDP2;CDH16;RRAD;FAM96B;CES2;CES3;CES4A;RN7SL543P;CBFB;C16orf70;B3GNT9;TRADD;FBXL8;HSF4;NOL3;KIAA0895L;EXOC3L1;E2F4;ELMO3;MIR328;LRRC29;TMEM208;FHOD1;SLC9A5;PLEKHG4;KCTD19;RN7SKP118;LRRC36;TPPP3;ZDHHC1;HSD11B2;ATP6V0D1;AGRP;FAM65A;CTCF;RLTPR;ACD;PARD6A;ENKD1;C16orf86;GFOD2;RANBP10;TSNAXIP1;CENPT;THAP11;NUTF2;EDC4;NRN1L;PSKH1;CTRL;PSMB10;LCAT;SLC12A4;DPEP3;DPEP2;DUS2L;DDX28;NFATC3;ESRP2;PLA2G15;SLC7A6;SLC7A6OS;PRMT7;SMPD3;ZFP90
CRT-logit,PCK1,0.0004885019132388138,True,67,599,BMP7;MIR4325;SPO11;RAE1;RBM38;CTCFL;PCK1;ZBP1;PMEPA1;C20orf85;ANKRD60;PPP4R1L;RAB22A;VAPB;APCDD1L;STX16;NPEPL1;MIR296;MIR298;GNAS;NELFCD;CTSZ;TUBB1;ATP5E;SLMO2;ZNF831;EDN3;PHACTR3;SYCP2;FAM217B;PPP1R3D;CDH26;C20orf197;MIR646;MIR4533;MIR548AG2;CDH4;TAF4;MIR1257;LSM14B;PSMA7;SS18L1;MTG2;HRH3;OSBPL2;ADRM1;LAMA5;MIR4758;RPS21;CABLES2;RBBP8NL;GATA5;C20orf166;MIR133A2;SLCO4A1;LINC00686;NTSR1;LINC00659;MRGBP;OGFR;COL9A3;TCFL5;DIDO1;GID8;SLC17A9;BHLHE23;LINC00029
CRT-logit,IMPA1P,0.0005007056156517495,False,4,895,IMPA1P;KIAA1045;KIAA1658;KLRAP1
CRT-logit,TBC1D9,0.0005418706280658322,True,66,839,INTU;SLC25A31;HSPA4L;PLK4;MFSD8;C4orf29;LARP1B;PGRMC2;PHF17;SCLT1;C4orf33;RN7SL205P;PCDH10;PABPC4L;LINC00613;PCDH18;LINC00616;SLC7A11;LINC00498;LINC00499;LINC00500;CCRN4L;ELF2;RN7SL382P;RN7SL311P;MGARP;NDUFC1;NAA15;RAB33B;SETD7;MGST2;RN7SKP237;MAML3;RN7SKP253;SCOC;CLGN;ELMOD2;UCP1;RN7SL152P;TBC1D9;RNF150;ZNF330;IL15;INPP4B;USP38;GAB1;MIR3139;SMARCA5;GUSBP5;FREM3;GYPE;GYPB;GYPA;HHIP;ANAPC10;RN7SKP235;ABCE1;OTUD4;SMAD1;MMAA;C4orf51;ZNF827;LSM6;SLC10A7;POU4F2;TTC29
CRT-logit,TAF1L,0.0005441848012520711,True,19,745,RNA5SP281;ACO1;DDX58;TOPORS;NDUFB6;TAF1L;TMEM215;APTX;DNAJA1;SMU1;B4GALT1;RNU4ATAC15P;SPINK4;BAG1;CHMP5;NFX1;AQP7;AQP3;NOL6
CRT-logit,UNC79,0.0006473898503459624,True,54,868,LGMN;GOLGA5;CHGA;ITPK1;MOAP1;TMEM251;C14orf142;UBR7;BTBD7;UNC79;COX8C;PRIMA1;FAM181A;ASB2;MIR4506;LINC00521;OTUB2;DDX24;IFI27L1;IFI27;IFI27L2;PPP4R4;SERPINA10;SERPINA6;SERPINA1;SERPINA11;SERPINA9;SERPINA12;SERPINA4;SERPINA5;SERPINA3;SERPINA13P;GSC;DICER1;MIR3173;CLMN;LINC00341;SYNE3;SNHG10;SCARNA13;GLRX5;TCL6;TCL1B;TCL1A;LINC00617;C14orf132;BDKRB2;BDKRB1;ATG2B;GSKIP;AK7;PAPOLA;RN7SKP108;VRK1
CRT-logit,snoU13,0.0006592997580610564,False,9,878,snoU13;snoU13;snoU13;snoU13;snoU13;snoU13;snoU13;snoU83B;snoZ178
CRT-logit,snoU13,0.0006633094065314342,False,1,246,snoU13
CRT-logit,CDH23,0.000668323493747496,True,95,779,CTNNA3;LRRTM3;DNAJC12;RN7SL394P;SIRT1;HERC4;RN7SL220P;MYPN;RN7SKP202;ATOH7;PBLD;HNRNPH3;RUFY2;DNA2;RNA5SP319;SLC25A16;TET1;CCAR1;SNORD98;STOX1;DDX50;DDX21;KIAA1279;SRGN;VPS26A;SUPV3L1;HKDC1;HK1;TACR2;TSPAN15;NEUROG3;C10orf35;COL13A1;H2AFY2;AIFM2;TYSND1;SAR1A;PPA1;NPFFR1;LRRC20;EIF4EBP2;NODAL;PALD1;PRF1;ADAMTS14;TBATA;SGPL1;PCBD1;UNC5B;SLC29A3;CDH23;C10orf105;C10orf54;PSAP;CHST3;SPOCK2;ASCC1;ANAPC16;DDIT4;DNAJB12;MICU1;MCU;MIR4676;OIT3;PLA2G12B;P4HA1;NUDT13;ECD;FAM149B1;DNAJC9;MRPS16;TTC18;ANXA7;MSS51;PPP3CB;USP54;MYOZ1;SYNPO2L;AGAP5;BMS1P4;RNA5SP320;GLUD1P3;SEC24C;FUT11;CHCHD1;ZSWIM8;NDST2;CAMK2G;C10orf55;PLAU;VCL;AP3M1;ADK;KAT6B;DUPD1
CRT-logit,snoU13,0.0006754885320784342,False,1,198,snoU13
CRT-logit,T,0.0006827955549883389,False,21,436,T;PRR18;SFT2D1;MPC1;RPS6KA2;MIR1913;RNASET2;MIR3939;FGFR1OP;CCR6;GPR31;TCP10L2;UNC93A;TTLL2;TCP10;C6orf123;MLLT4;KIF25;FRMD1;DACT2;SMOC2
CRT-logit,RN7SL730P,0.0007301195576347939,False,6,815,RN7SL730P;RN7SL739P;RN7SL742P;RN7SL746P;RN7SL747P;RN7SL755P
CRT-logit,SNORA64,0.0007454473490621065,False,27,982,SNORA64;SNORA64;SNORA64;SNORA64;SNORA64;SNHG9;ACA64;ACA64;ACA64;ACA64;ACA64;ACA64;RNF151;TBL3;NOXO1;GFER;SYNGR3;ZNF598;NPW;RN7SL219P;SLC9A3R2;NTHL1;TSC2;PKD1;MIR1225;MIR4516;RAB26
CRT-logit,ZPBP,0.0008440642919193003,True,11,801,VWC2;ZPBP;C7orf72;IKZF1;FIGNL1;DDC;GRB10;COBL;RN7SL292P;POM121L12;RN7SKP218
CRT-logit,snoU13,0.0008870112786834222,False,3,732,snoU13;snoU13;snoU13
CRT-logit,RNA5SP356,0.001030979870858231,False,18,337,RNA5SP356;IPO8;CAPRIN2;LINC00941;TSPAN11;DDX11;FAM60A;DENND5B;METTL20;AMN1;STMN1P1;H3F3C;KIAA1551;BICD1;FGD4;DNM1L;YARS2;PKP2
CRT-logit,RMRPP2,0.0010875233075896338,False,2,373,RMRPP2;RMRPP3
CRT-logit,SNORA75,0.0011859113920507055,False,3,410,SNORA75;SNORA75;SNORA75
CRT-logit,SCML4,0.0012522557930660786,False,37,417,SCML4;SEC63;OSTM1;NR2E1;SNX3;RNA5SP212;LACE1;FOXO3;LINC00222;ARMC2;SESN1;CEP57L1;C6orf183;CCDC162P;CD164;PPIL6;SMPD2;MICAL1;ZBTB24;AK9;FIG4;GPR6;WASF1;CDC40;METTL24;DDO;SLC22A16;RN7SL617P;CDK19;AMD1;GTF3C6;RPF2;SLC16A10;KIAA1919;REV3L;C6orf3;TRAF3IP2
CRT-logit,VPS13C,0.0013428531896550377,True,47,592,VPS13C;C2CD4A;C2CD4B;TLN2;MIR190A;TPM1;LACTB;RPS27L;RAB8B;APH1B;CA12;USP3;FBXL22;HERC1;MIR422A;DAPK2;FAM96A;SNX1;SNX22;PPIB;CSNK1G1;KIAA0101;TRIP4;ZNF609;OAZ2;RBPMS2;MIR1272;PIF1;PLEKHO2;ANKDD1A;SPG21;MTFMT;SLC51B;RASL12;KBTBD13;UBAP1L;PDCD7;CLPX;CILP;PARP16;IGDCC3;IGDCC4;DPP8;PTPLAD1;VWA9;SLC24A1;DENND4A
CRT-logit,TNFRSF11A,0.0014265154997346791,True,56,845,PMAIP1;RN7SL342P;MC4R;CDH20;RNF152;PIGN;KIAA1468;TNFRSF11A;ZCCHC2;RN7SL705P;PHLPP1;BCL2;KDSR;VPS4B;SERPINB5;SERPINB12;SERPINB13;SERPINB4;SERPINB11;SERPINB3;SERPINB7;SERPINB2;SERPINB10;HMSD;SERPINB8;LINC00305;CDH7;CDH19;MIR5011;DSEL;TMX3;CCDC102B;DOK6;CD226;RTTN;SOCS6;RN7SL795P;GTSCR1;CBLN2;NETO1;RNA5SP460;MIR548AV;RN7SL401P;FBXO15;TIMM21;RN7SL551P;CYB5A;C18orf63;FAM69C;CNDP2;CNDP1;LINC00909;ZNF407;ZADH2;TSHZ1;SMIM21
CRT-logit,IQGAP3,0.0014736146795552639,True,59,866,SNORA42;SNORA42;SCARNA4;SCARNA4;RXFP4;ARHGEF2;SSR2;UBQLN4;LAMTOR2;RAB25;MEX3A;LMNA;SEMA4A;SLC25A44;PMF1;BGLAP;PAQR6;SMG5;TMEM79;C1orf85;VHLL;CCT3;TSACC;RHBG;C1orf61;MEF2D;IQGAP3;TTC24;APOA1BP;GPATCH4;HAPLN2;BCAN;NES;CRABP2;ISG20L2;RRNAD1;MRPL24;HDGF;PRCC;SH2D2A;NTRK1;INSRR;PEAR1;LRRC71;ARHGEF11;MIR765;RN7SL612P;ETV3L;ETV3;FCRL5;FCRL4;FCRL3;FCRL2;FCRL1;CD5L;KIRREL;CD1D;CD1A;CD1C
CRT-logit,HYDIN,0.0015240152071746003,True,56,759,IL34;MTSS1L;VAC14;HYDIN;RNU6ATAC25P;FTSJD1;CALB2;ZNF23;ZNF19;CHST4;TAT;MARVELD3;PHLPP2;SNORA70D;AP1G1;SNORD71;ATXN1L;IST1;ZNF821;PKD1L3;DHODH;HP;HPR;TXNL4B;DHX38;PMFBP1;C16orf47;ZFHX3;HCCAT5;PSMD7;NPIPB15;CLEC18B;GLG1;RFWD3;MLKL;FA2H;WDR59;ZNRF1;LDHD;ZFP1;CTRB2;CTRB1;BCAR1;CFDP1;TMEM170A;CHST6;CHST5;TMEM231;GABARAPL2;ADAT1;KARS;TERF2IP;RN7SL520P;RNA5SP430;CNTNAP4;RN7SKP233
CRT-logit,NLRP3,0.001536285739854042,True,66,836,SMYD3;TFB2M;CNST;SCCPDH;AHCTF1;ZNF695;ZNF670;ZNF669;C1orf229;ZNF124;MIR3916;RNA5SP82;ZNF496;NLRP3;OR2B11;OR2W5;GCSAML;OR2C3;OR2G2;OR2G3;OR13G1;OR6F1;OR14A2;OR14K1;OR1C1;OR14A16;OR11L1;TRIM58;OR2W3;OR2T8;OR2AJ1;OR2L8;OR2AK2;OR2L5;OR2L2;OR2L3;OR2L13;OR2M5;OR2M2;OR2M3;OR2M4;OR2T33;OR2T12;OR2M7;OR14C36;OR2T4;OR2T6;OR2T1;OR2T7;OR2T2;OR2T3;OR2T5;OR2G6;OR2T29;OR2T34;OR2T10;OR2T11;OR2T35;OR2T27;OR14I1;LYPD8;SH3BP5L;MIR3124;ZNF672;ZNF692;PGBD2
CRT-logit,RPL30P11,0.0015830314347600486,False,23,536,RPL30P11;ATF7IP;PLBD1;RN7SKP134;GUCY2C;HIST4H4;H2AFJ;WBP11;C12orf60;SMCO3;ART4;MGP;ERP27;ARHGDIB;PDE6H;RERG;PTPRO;EPS8;STRAP;DERA;SLC15A5;MGST1;LMO3
CRT-logit,ADARB2,0.0016788275618019738,True,15,367,TUBB8;ZMYND11;RNA5SP297;DIP2C;RNA5SP298;RN7SL754P;MIR5699;PRR26;LARP4B;GTPBP4;IDI2;IDI1;WDR37;LINC00200;ADARB2
CRT-logit,MACC1,0.00172884850931385,True,62,979,NDUFA4;PHF14;THSD7A;TMEM106B;VWDE;SCIN;ARL4A;RN7SKP228;ETV1;DGKB;AGMO;MEOX2;ISPD;SOSTDC1;LRRC72;ANKMY2;BZW2;TSPAN13;AGR2;AGR3;AHR;SNX13;PRPS1L1;HDAC9;RN7SKP266;TWIST1;FERD3L;TWISTNB;MIR3146;TMEM196;MACC1;ITGB8;ABCB5;SP8;RN7SL542P;SP4;MIR1183;DNAH11;CDCA7L;RAPGEF5;RNA5SP227;STEAP1B;IL6;TOMM7;SNORD93;FAM126A;KLHL7;NUPL2;GPNMB;MALSU1;IGF2BP3;TRA2A;CCDC126;FAM221A;STK31;RNA5SP228;NPY;DFNA5;OSBPL3;CYCS;C7orf31;NPVF
CRT-logit,ATP6V0A4,0.0017682711798699146,True,55,487,EXOC4;LRGUK;SLC35B4;AKR1B1;AKR1B10;AKR1B15;BPGM;CALD1;AGBL3;C7orf49;TMEM140;WDR91;STRA8;CNOT4;NUP205;C7orf73;SLC13A4;FAM180A;MTPN;CHRM2;MIR490;PTN;DGKI;CREB3L2;AKR1D1;RN7SKP223;MIR4468;TRIM24;SVOPL;ATP6V0A4;TMEM213;KIAA1549;ZC3HAV1L;ZC3HAV1;TTC26;UBN2;C7orf55;LUC7L2;KLRG2;CLEC2L;HIPK2;TBXAS1;PARP12;JHDM1D;SLC37A3;RNA5SP247;RNA5SP248;RAB19;MKRN1;DENND2A;RN7SL771P;ADCK2;NDUFB2;BRAF;MRPS33
CRT-logit,SNORA73,0.001794007150462506,False,3,797,SNORA73;SNORA73;SNORA73
CRT-logit,SNORA73,0.0017959856135457168,False,2,715,SNORA73;SNORA73
CRT-logit,OR3A2,0.001846047875161987,True,64,509,OR1A1;OR1D4;OR3A2;OR3A1;OR3A4P;OR1E1;OR3A3;OR1E2;SPATA22;ASPA;TRPV3;TRPV1;SHPK;CTNS;TAX1BP3;EMC6;P2RX5;ITGAE;GSG2;C17orf85;CAMKK1;P2RX1;ATP2A3;ZZEF1;RNA5SP434;CYB5D2;ANKFY1;UBE2G1;RN7SL774P;SPNS3;SPNS2;MYBBP1A;GGT6;SMTNL2;ALOX15;PELP1;ARRB2;MED11;CXCL16;ZMYND15;TM4SF5;VMO1;GLTPD2;PSMB6;PLD2;MINK1;RN7SL784P;CHRNE;C17orf107;GP1BA;SLC25A11;RNF167;PFN1;ENO3;SPAG7;CAMTA2;INCA1;KIF1C;SLC52A1;ZFP3;ZNF232;USP6;ZNF594;SCIMP
CRT-logit,BZRAP1,0.0018527863477856383,True,67,507,RN7SKP14;TOM1L1;COX11;STXBP4;HLF;MMD;TMEM100;PCTP;ANKFN1;NOG;C17orf67;DGKE;TRIM25;MIR3614;COIL;SCPEP1;RNF126P1;AKAP1;MSI2;RN7SL449P;RN7SKP94;MRPS23;CUEDC1;VEZF1;SRSF1;DYNLL2;OR4D1;OR4D2;EPX;MKS1;LPO;MPO;BZRAP1;MIR142;MIR4736;SUPT4H1;RNF43;HSF5;MTMR4;C17orf47;SEPT4;TEX14;RAD51C;PPM1E;TRIM37;RN7SL716P;SKA2;MIR454;MIR301A;PRR11;SMG8;GDPD1;YPEL2;MIR4729;DHX40;CLTC;PTRH2;VMP1;MIR21;TUBD1;RPS6KB1;RNFT1;HEATR6;MIR4737;CA4;USP32;SCARNA20
CRT-logit,FAM226A,0.0018846326102206473,False,8,908,FAM226A;FAM27D1;FAM27E1;FAM27E2;FAM27L;FAM45B;FAM74A5;FBXL21
CRT-logit,MACF1,0.0019253953145979394,True,103,973,SNORA63;SF3A3;FHL3;UTP11L;POU3F1;MIR3659;RRAGC;MYCBP;GJA9;RHBDL2;AKIRIN1;NDUFS5;KIAA0754;MACF1;RNA5SP44;BMP8A;PABPC4;SNORA55;HEYL;NT5C1A;HPCAL4;PPIE;BMP8B;OXCT2;TRIT1;MYCL;MFSD2A;CAP1;PPT1;RLF;TMCO2;ZMPSTE24;COL9A2;SMAP2;ZFP69B;ZFP69;EXO5;ZNF684;RIMS3;NFYC;MIR30E;MIR30C1;KCNQ4;RN7SL326P;CITED4;CTPS1;SLFNL1;SCMH1;FOXO6;RNA5SP45;EDN2;HIVEP3;GUCA2B;GUCA2A;FOXJ3;RIMKLA;ZMYND12;PPCS;CCDC30;PPIH;YBX1;CLDN19;LEPRE1;C1orf50;CCDC23;ERMAP;ZNF691;SLC2A1;FAM183A;EBNA1BP2;WDR65;RNA5SP46;TMEM125;C1orf210;TIE1;MPL;CDC20;ELOVL1;MED8;SZT2;HYI;PTPRF;KDM4A;ST3GAL3;ARTN;IPO13;DPH2;ATP6V0B;B4GALT2;CCDC24;SLC6A9;RN7SL479P;KLF17;DMAP1;ERI3;RNF220;MIR5584;TMEM53;C1orf228;KIF2C;RPS8;SNORD55;SNORD46
CRT-logit,RN7SL243P,0.002087594204233371,False,3,670,RN7SL243P;RN7SL245P;RN7SL247P
CRT-logit,TMPRSS6,0.0021158872033389398,True,92,996,ISX;HMGXB4;TOM1;MIR3909;HMOX1;MCM5;RASD2;MB;APOL6;APOL5;RBFOX2;APOL3;APOL4;APOL2;APOL1;MYH9;TXN2;FOXRED2;EIF3D;CACNG2;IFT27;PVALB;NCF4;CSF2RB;TEX33;TST;MPST;KCTD17;RN7SKP214;TMPRSS6;IL2RB;C1QTNF6;SSTR3;RAC2;CYTH4;ELFN2;MFNG;CARD10;CDC42EP1;LGALS2;GGA1;SH3BP1;PDXP;RN7SL385P;LGALS1;NOL12;TRIOBP;H1F0;GCAT;GALR3;ANKRD54;MIR658;MIR659;EIF3L;MICALL1;C22orf23;POLR2F;SOX10;MIR4534;PICK1;SLC16A8;BAIAP2L2;PLA2G6;MAFF;TMEM184B;RN7SL704P;CSNK1E;KCNJ4;KDELR3;DDX17;DMC1;FAM227A;CBY1;TOMM22;JOSD1;GTPBP1;SUN2;DNAL4;NPTXR;CBX6;APOBEC3A;APOBEC3B;APOBEC3C;APOBEC3D;APOBEC3F;APOBEC3G;APOBEC3H;CBX7;PDGFB;RPL3;SNORD83B;SNORD83A
CRT-logit,TRIM71,0.002174716822104141,True,23,360,GADL1;RNA5SP127;STT3B;OSBPL10;ZNF860;GPD1L;CMTM8;CMTM7;CMTM6;DYNC1LI1;CNOT10;TRIM71;CCR4;GLB1;TMPPE;RN7SL296P;CRTAP;SUSD5;FBXL2;UBP1;RNA5SP128;CLASP2;PDCD6IP
CRT-logit,snoU13,0.0021771123627715235,False,1,243,snoU13
CRT-logit,RAG1,0.0022005318529355806,True,63,733,ANO3;MUC15;SLC5A12;FIBIN;BBOX1;CCDC34;LGR4;LIN7C;RNA5SP339;LINC00678;BDNF;KIF18A;MIR610;METTL15;RN7SKP158;RN7SL240P;KCNA4;FSHB;ARL14EP;MPPED2;DCDC1;DNAJC24;IMMP1L;ELP4;PAX6;RCN1;WT1;EIF3M;CCDC73;PRRG4;QSER1;DEPDC7;TCP11L1;CSTF3;HIPK3;KIAA1549L;C11orf91;CD59;FBXO3;LMO2;CAPRIN1;NAT10;ABTB2;CAT;ELF5;EHF;APIP;PDHX;MIR1343;CD44;SLC1A2;PAMR1;FJX1;TRIM44;LDLRAD3;MIR3973;COMMD9;LINC00610;PRR5L;TRAF6;RAG1;RAG2;C11orf74
CRT-logit,LILRA6,0.0022626375410385166,True,47,814,MYADM;PRKCG;CACNG7;CACNG8;MIR935;CACNG6;VSTM1;TARM1;OSCAR;NDUFA3;TFPT;PRPF31;CNOT3;LENG1;TMC4;MBOAT7;TSEN34;RPS9;LILRB3;LILRA6;LILRB5;LILRB2;MIR4752;LILRA5;LILRA4;LAIR1;TTYH1;LENG8;LENG9;CDC42EP5;LAIR2;KIR3DX1;LILRA2;LILRA1;LILRB1;LILRB4;KIR3DL3;KIR2DL3;KIR2DL1;KIR2DL4;KIR3DL1;KIR2DS4;KIR3DL2;FCAR;NCR1;NLRP7;NLRP2
CRT-logit,TUBA3C,0.002275099605212947,True,37,864,LINC00349;LINC00388;LINC00387;PHF2P2;LINC00442;RNA5SP24;TUBA3C;LINC00421;TPTE2;MPHOSPH8;PSPC1;RN7SL166P;ZMYM5;ZMYM2;GJA3;LINC00556;GJB2;GJB6;CRYL1;MIR4499;IFT88;IL17D;N6AMT2;XPO4;HNRNPA1P30;LATS2;SAP18;SKA3;MRP63;ESRRAP2;MIPEPP3;ZDHHC20;RNA5SP25;MICU2;FGF9;RN7SL766P;LINC00424
CRT-logit,CHD5,0.0022961559237879526,True,23,516,MIR4689;NPHP4;KCNAB2;CHD5;RPL22;RNF207;ICMT;LINC00337;HES3;GPR153;ACOT7;HES2;ESPN;MIR4252;TNFRSF25;PLEKHG5;NOL9;TAS1R1;ZBTB48;KLHL21;PHF13;THAP3;DNAJC11
CRT-logit,U6,0.002352354837929416,False,4,641,U6;U6;U6;U6
CRT-logit,snoZ6,0.002386501099990107,False,1,280,snoZ6
CRT-logit,SNORD45,0.0024056041023267877,False,1,190,SNORD45
CRT-logit,LRP1B,0.0024573507444849174,True,229,924,LRP1B;KYNU;ARHGAP15;GTDC1;ZEB2;TEX41;RNA5SP106;ACVR2A;ORC4;MBD5;EPC2;KIF5C;LYPD6B;LYPD6;MMADHC;RND3;RBM43;NMI;TNFAIP6;RN7SL124P;RIF1;NEB;ARL5A;CACNB4;STAM2;FMNL2;PRPF40A;ARL6IP6;RPRM;GALNT13;RNA5SP107;KCNJ3;NR4A2;GPD2;GALNT5;RN7SKP281;ERMN;CYTIP;ACVR1C;ACVR1;UPP2;CCDC148;RN7SL393P;PKP4;DAPL1;TANC1;WDSUB1;BAZ2B;MARCH7;CD302;LY75;PLA2R1;ITGB6;RBMS1;MIR4785;RN7SL423P;TANK;PSMD14;TBR1;SLC4A10;DPP4;GCG;FAP;IFIH1;GCA;KCNH7;RNA5SP109;FIGN;GRB14;COBLL1;SNORA70F;RNA5SP110;SLC38A11;RNA5SP111;SCN3A;SCN2A;CSRNP3;GALNT3;TTC21B;SCN1A;RN7SKP152;SCN9A;SCN7A;XIRP2;B3GALT1;STK39;RN7SL813P;CERS6;MIR4774;NOSTRIN;SPC25;G6PC2;ABCB11;DHRS9;LRP2;BBS5;KLHL41;FASTKD1;PPIG;CCDC173;PHOSPHO2;KLHL23;SSB;METTL5;UBR3;MYO3B;SP5;ERICH2;GAD1;GORASP2;TLK1;METTL8;DCAF17;CYBRD1;DYNC1I2;SLC25A12;HAT1;METAP1D;DLX1;DLX2;ITGA6;PDK1;RAPGEF4;MLTK;CDCA7;SP3;OLA1;RN7SL65P;SP9;CIR1;SCRN3;GPR155;WIPF1;CHRNA1;CHN1;ATF2;MIR933;ATP5G3;KIAA1715;EVX2;HOXD13;HOXD12;HOXD11;HOXD10;HOXD9;HOXD8;HOXD3;MIR10B;HOXD4;HOXD1;MTX2;RNU6ATAC14P;RNA5SP112;HNRNPA3;NFE2L2;MIR3128;AGPS;TTC30B;TTC30A;PDE11A;RBM45;OSBPL6;PRKRA;DFNB59;FKBP7;PLEKHA3;TTN;CCDC141;SESTD1;ZNF385B;MIR1258;CWC22;UBE2E3;MIR4437;ITGA4;CERKL;NEUROD1;RNU6ATAC19P;SSFA2;PPP1R1C;RNA5SP113;PDE1A;RN7SL267P;DNAJC10;FRZB;NCKAP1;DUSP19;NUP35;MIR548AE1;ZNF804A;FSIP2;ZC3H15;ITGAV;FAM171B;ZSWIM2;RN7SKP42;CALCRL;TFPI;RNA5SP114;GULP1;MIR561;DIRC1;COL3A1;MIR1245A;COL5A2;MIR3129;WDR75;SLC40A1;ASNSD1;ANKAR;OSGEPL1;ORMDL1;PMS1;C2orf88;MSTN;HIBCH;INPP1;MFSD6;TMEM194B;RN7SKP179;NAB1;GLS;STAT1;STAT4;MYO1B;NABP1;SDPR;TMEFF2;PCGEM1
CRT-logit,RN7SL540P,0.002523389903928154,False,1,174,RN7SL540P
CRT-logit,PRKDC,0.002696031152717814,True,48,490,LINC00293;RN7SKP32;SPIDR;CEBPD;PRKDC;MCM4;UBE2V2;EFCAB1;SNAI2;C8orf22;RN7SKP294;SNTG1;PXDNL;PCMTD1;ST18;FAM150A;RB1CC1;NPBWR1;OPRK1;ATP6V1H;RGS20;TCEA1;LYPLA1;MRPL15;RNU6ATAC32P;RNU105C;RN7SL250P;SOX17;RP1;XKR4;TMEM68;RNA5SP265;TGS1;LYN;RN7SL798P;RN7SL323P;RPS20;SNORD54;MOS;PLAG1;CHCHD7;SDR16C5;SDR16C6P;PENK;LINC00968;IMPAD1;RNA5SP266;LINC00588
CRT-logit,CATSPERD,0.0027754756670847433,True,53,425,ZNRF4;TINCR;SAFB2;SAFB;RPL36;C19orf70;HSD11B1L;LONP1;CATSPERD;PRR22;DUS3L;NRTN;FUT6;FUT3;FUT5;NDUFA11;VMAC;CAPS;RANBP3;RFX2;ACSBG2;MLLT1;ACER1;CLPP;ALKBH7;PSPN;GTF2F1;KHSRP;MIR3940;SLC25A41;SLC25A23;CRB3;DENND1C;TUBB4A;TNFSF9;CD70;TNFSF14;C3;GPR108;TRIP10;SH2D3A;VAV1;EMR1;MBD3L5;MBD3L4;MBD3L2;MBD3L3;ZNF557;INSR;ARHGEF18;PEX11G;C19orf45;ZNF358
CRT-logit,ID2,0.002820733980971487,False,40,723,ID2;KIDINS220;MBOAT2;ASAP2;ITGB1BP1;CPSF3;IAH1;ADAM17;YWHAQ;TAF1B;GRHL1;KLF11;CYS1;C2orf48;RRM2;MIR4261;RN7SL66P;HPCAL1;ODC1;SNORA80B;NOL10;RN7SL832P;ATP6V1C2;PDIA6;KCNF1;C2orf50;PQLC3;ROCK2;LINC00570;E2F6;GREB1;RNA5SP84;MIR4429;RNA5SP85;RN7SL674P;NTSR2;LPIN1;MIR548S;MIR4262;SNORD18
CRT-logit,MTOR,0.0029381818961079515,True,28,598,C1orf127;TARDBP;MASP2;SRM;EXOSC10;MTOR;ANGPTL7;UBIAD1;PTCHD2;FBXO2;FBXO44;MAD2L2;FBXO6;DRAXIN;AGTRAP;C1orf167;MTHFR;CLCN6;NPPA;NPPB;KIAA2013;PLOD1;MFN2;MIIP;RN7SL649P;TNFRSF8;TNFRSF1B;MIR4632
CRT-logit,SNORA36,0.003146673625278135,False,7,997,SNORA36;SNORA5;SNORA7;SNORA7;SNORA7;SNORA7;SNORA7
CRT-logit,SNORA25,0.003261916560517963,False,1,65,SNORA25
CRT-logit,snoU13,0.0032764318926007353,False,5,441,snoU13;snoU13;snoU13;snoU13;snoU13
CRT-logit,MTRNR2L7,0.0033162566560866326,False,1,145,MTRNR2L7
CRT-logit,snoU13,0.0033502286939188545,False,1,254,snoU13
CRT-logit,SNORD36,0.0033564200082976145,False,2,546,SNORD36;SNORD36
CRT-logit,DBC1,0.003516365842635603,False,82,674,DBC1;MIR147A;CDK5RAP2;MEGF9;FBXW2;PSMD5;PHF19;TRAF1;C5;CNTRL;RAB14;GSN;RN7SL181P;STOM;GGTA1P;RN7SL187P;DAB2IP;TTLL11;MIR4478;NDUFA8;MORN5;LHX6;RBM18;MRRF;PTGS1;OR1J1;OR1J2;OR1J4;OR1N1;OR1N2;OR1L8;OR1Q1;OR1B1;OR1L1;OR1L3;OR1L4;OR1L6;OR5C1;PDCL;OR1K1;RC3H2;SNORD90;ZBTB6;ZBTB26;RABGAP1;GPR21;MIR600HG;STRBP;CRB2;DENND1A;MIR601;LHX2;NEK6;PSMB7;GPR144;NR5A1;NR6A1;RN7SL302P;MIR181A2HG;MIR181A2;MIR181B2;OLFML2A;WDR38;RPL35;ARPC5L;GOLGA1;SCAI;PPP6C;RABEPK;HSPA5;GAPVD1;MAPKAP1;RN7SL30P;PBX3;MVB12B;NRON;LMX1B;ZBTB43;ZBTB34;RALGPS1;ANGPTL2;GARNL3
CRT-logit,C14orf64,0.0036016416294208605,False,38,326,C14orf64;RN7SL714P;C14orf177;BCL11B;SETD3;CCNK;CCDC85C;HHIPL1;CYP46A1;EML1;EVL;MIR151B;MIR342;DEGS2;YY1;SLC25A29;MIR345;RN7SL523P;SLC25A47;WARS;WDR25;RN7SKP92;BEGAIN;LINC00523;DLK1;MEG3;MIR2392;MIR770;MIR493;MIR337;MIR665;RTL1;MIR431;MIR433;MIR127;MEG8;MIR432;MIR136
CRT-logit,snoU13,0.0037422136825667916,False,5,808,snoU13;snoU13;snoU13;snoU13;snoU13
CRT-logit,PPP5D1,0.0037484577586243814,False,1,150,PPP5D1
CRT-logit,THBS2,0.004122492107441449,False,14,473,THBS2;WDR27;C6orf120;PHF10;TCTE3;C6orf70;LINC00242;LINC00574;DLL1;FAM120B;MIR4644;PSMB1;TBP;PDCD2
CRT-logit,snoU13,0.004483324954837756,False,1,267,snoU13
CRT-logit,DESI1,0.004496542622157536,False,50,625,DESI1;XRCC6;NHP2L1;C22orf46;MEI1;RNU6ATAC22P;CCDC134;SREBF2;MIR33A;SHISA8;TNFRSF13C;MIR378I;CENPM;LINC00634;SEPT3;WBP2NL;NAGA;FAM109B;SMDT1;NDUFA6;CYP2D6;TCF20;NFAM1;SERHL;RRP7A;SERHL2;RRP7B;RN7SKP80;POLDIP3;RNU12;CYB5R3;ATP5L2;A4GALT;ARFGAP3;PACSIN2;TTLL1;BIK;MCAT;TSPO;TTLL12;SCUBE1;MPPED1;EFCAB6;SULT4A1;PNPLA5;PNPLA3;SAMM50;PARVB;PARVG;KIAA1644
CRT-logit,snoU13,0.004613543092168802,False,1,200,snoU13
CRT-logit,KIF4B,0.004852632063279419,True,60,452,RN7SL177P;FAM114A2;MFAP3;GALNT10;MIR1294;RN7SL655P;SAP30L;HAND1;MIR3141;LARP1;MIR1303;FAXDC2;MIR378H;CNOT8;GEMIN5;MRPL22;KIF4B;RNA5SP199;SGCD;TIMD4;HAVCR1;HAVCR2;MED7;ITK;FAM71B;CYFIP2;FNDC9;ADAM19;NIPAL4;SOX30;C5orf52;THG1L;LSM11;CLINT1;EBF1;RNF145;UBLCP1;IL12B;RNU4ATAC2P;ADRA1B;TTC1;PWWP2A;FABP6;CCNJL;C1QTNF2;C5orf54;SLU7;PTTG1;MIR3142;MIR146A;ATP10B;GABRB2;GABRA6;GABRA1;GABRG2;CCNG1;NUDCD2;HMMR;MAT2B;RN7SKP60
CRT-logit,RN7SL831P,0.00485405717184196,False,35,409,RN7SL831P;RN7SKP270;PTBP2;DPYD;MIR137HG;SNX7;LPPR5;LPPR4;PALMD;FRRS1;AGL;SLC35A3;HIAT1;SASS6;TRMT13;LRRC39;DBT;RTCA;MIR553;CDC14A;GPR88;VCAM1;EXTL2;SLC30A7;DPH5;S1PR1;OLFM3;COL11A1;RN7SKP285;RNPC3;AMY2B;AMY2A;AMY1A;AMY1B;AMY1C
CRT-logit,snoU13,0.004876520616812365,False,1,207,snoU13
CRT-logit,ADAM29,0.005061260157599804,True,39,766,ANXA10;DDX60;DDX60L;PALLD;CBR4;RNY4P17;SH3RF1;NEK1;CLCN3;C4orf27;MFAP3L;AADAT;HSP90AA6P;RNU6ATAC13P;GALNTL6;RN7SL253P;GALNT7;MIR548T;HMGB2;SAP30;SCRG1;HAND2;FBXO8;CEP44;MIR4276;HPGD;GLRA3;ADAM29;GPM6A;WDR17;SPATA4;ASB5;SPCS3;VEGFC;RN7SKP136;NEIL3;AGA;RNA5SP172;RNA5SP173
CRT-logit,snoU13,0.0054998170305774995,False,1,212,snoU13
CRT-logit,SNORA77,0.0055648961008591576,False,1,32,SNORA77
CRT-logit,NRK,0.005878704202255943,True,71,356,TEX13A;NRK;SERPINA7;MUM1L1;CXorf57;MIR548AN;RNF128;TBC1D8B;MORC4;RIPPLY1;CLDN2;RBM41;NUP62CL;PIH1D3;FRMPD3;PRPS1;TSC22D3;NCBP2L;MID2;TEX13B;VSIG1;PSMD10;ATG4A;COL4A6;COL4A5;IRS4;GUCY2F;NXT2;KCNE1L;ACSL4;TMEM164;MIR652;MIR3978;AMMECR1;SNORD96B;GNG5P2;RGAG1;TDGF1P3;CHRDL1;PAK3;CAPN6;DCX;LINC00890;ALG13;RNA5SP512;TRPC5;TRPC5OS;ZCCHC16;LHFPL1;AMOT;MIR4329;RN7SL266P;RN7SL93P;HTR2C;SNORA35;SNORA35;SNORA35;MIR764;MIR1912;MIR1298;MIR1911;MIR448;IL13RA2;LRCH2;RBMXL3;LUZP4;PLS3;RN7SL712P;AGTR2;SLC6A14;CXorf61
CRT-logit,CSMD3,0.005882068861005278,True,64,565,CSMD3;MIR2053;TRPS1;LINC00536;RNA5SP276;EIF3H;UTP23;RAD21;MIR3610;AARD;SLC30A8;RN7SL228P;RN7SL826P;MED30;EXT1;SAMD12;TNFRSF11B;COLEC10;MAL2;NOV;ENPP2;RN7SKP153;TAF2;DSCC1;RN7SL396P;DEPTOR;RNA5SP277;COL14A1;MRPL13;MTBP;SNTB1;HAS2;ZHX2;DERL1;TBC1D31;FAM83A;MIR4663;C8orf76;ZHX1;ATAD2;MIR548AA1;WDYHV1;FBXO32;RN7SKP155;KLHL38;ANXA13;FAM91A1;FER1L6;TMEM65;TRMT12;RNF139;TATDN1;NDUFB9;MTSS1;MIR4662B;LINC00964;ZNF572;SQLE;KIAA0196;NSMCE2;RN7SL329P;TRIB1;LINC00861;FAM84B
CRT-logit,KHDRBS2,0.006032188839413817,True,8,362,KHDRBS2;FKBP1C;LGSN;PTP4A1;PHF3;EYS;RNA5SP208;BAI3
CRT-logit,snoU13,0.006132537764072341,False,1,219,snoU13
CRT-logit,PRED58,0.006476598767348431,False,9,942,PRED58;PRED60;PRED62;PRR21;PRR25;PRSS44;PRSS45;REG1P;REXO1L1
CRT-logit,PCDH15,0.006575217382964867,True,82,954,ZFAND4;FAM21C;FAM25D;FAM25E;AGAP4;AGAP8;RNA5SP310;RNA5SP316;TIMM23;NCOA4;MSMB;AGAP7;ANTXRLP1;ANTXRL;ANXA8L1;ANXA8L2;LINC00842;NPY4R;GPRIN2;SYT15;FAM35BP;RN7SL248P;RN7SL527P;GLUD1P2;BMS1P1;BMS1P5;RNA5SP311;RNA5SP314;PTPN20A;PTPN20B;GDF10;GDF2;RBP3;ZNF488;ANXA8;FAM25B;FAM25G;AGAP9;RNA5SP312;RNA5SP313;BMS1P2;RN7SL453P;FAM25C;RNA5SP315;FRMPD2;MAPK8;ARHGAP22;WDFY4;LRRC18;MIR4294;VSTM4;FAM170B;C10orf128;C10orf71;DRGX;ERCC6;CHAT;SLC18A3;C10orf53;OGDHL;PARG;TIMM23B;LINC00843;RNA5SP317;AGAP6;FAM21A;FAM21B;ASAH2;SGMS1;ASAH2B;ASAH2C;A1CF;PRKG1;MIR605;CSTF2T;DKK1;MBL2;RNA5SP318;PCDH15;MIR548F1;ZWINT;MIR3924
CRT-logit,FOXG1,0.006875874572416376,True,22,392,NOVA1;MIR4307;LINC00645;BNIP3P1;FOXG1;C14orf23;PRKD1;G2E3;SCFD1;COCH;STRN3;MIR624;AP4S1;HECTD1;HEATR5A;DTD2;GPR33;NUBPL;ARHGAP5;AKAP6;RN7SL660P;NPAS3
CRT-logit,snoR442,0.006970922693791647,False,2,498,snoR442;snoR442
CRT-logit,snoU13,0.007204078154063026,False,1,238,snoU13
CRT-logit,SNORA31,0.007279326622919273,False,1,81,SNORA31
CRT-logit,RN7SL866P,0.007480784018681192,False,11,589,RN7SL866P;RN7SL867P;RN7SL86P;RN7SL871P;RN7SL872P;RN7SL90P;RN7SL92P;RN7SL94P;RN7SL95P;RN7SL99P;RN7SL9P
CRT-logit,FTMT,0.007553188380991644,True,41,454,FEM1C;TICAM2;TMED7;CDO1;ATG12;AP3S1;AQPEP;ARL14EPL;COMMD10;SEMA6A;DTWD2;DMXL1;MIR5706;TNFAIP8;RN7SL174P;RNA5SP190;HSD17B4;FAM170A;PRR16;FTMT;SRFBP1;LOX;ZNF474;SNCAIP;SNX2;SNX24;PPIC;RN7SL689P;RN7SL711P;PRDM6;CEP120;CSNK1G3;ZNF608;RN7SKP117;GRAMD3;ALDH7A1;PHAX;C5orf48;LMNB1;MARCH3;C5orf63
CRT-logit,CARD6,0.007742990265704009,True,41,550,EGFLAM;LIFR;MIR3650;OSMR;RICTOR;FYB;C9;DAB2;LINC00603;LINC00604;TTC33;PTGER4;PRKAA1;RPL37;SNORD72;CARD6;C7;MROH2B;C6;PLCXD3;OXCT1;C5orf51;FBXO4;GHR;CCDC152;SEPP1;ANXA2R;ZNF131;NIM1;HMGCS1;CCL28;C5orf28;C5orf34;PAIP1;NNT;FGF10;RN7SL383P;MRPS30;HCN1;EMB;PARP8
CRT-logit,SNORD112,0.007869380355019245,False,1,87,SNORD112
CRT-logit,GRIP1,0.00818031856546572,True,9,654,RNA5SP362;LLPH;TMBIM4;IRAK3;RN7SKP166;HELB;GRIP1;CAND1;DYRK2
CRT-logit,TG,0.008327213051910273,True,36,805,PCAT1;PCAT2;CASC8;POU5F1B;MYC;PVT1;TMEM75;MIR1205;MIR1207;MIR1208;RN7SKP226;CCDC26;RN7SKP206;MIR3686;GSDMC;FAM49B;MIR5194;ASAP1;ADCY8;EFR3A;OC90;HHLA1;KCNQ3;HPYR1;LRRC6;TMEM71;PHF20L1;TG;SLA;WISP1;NDRG1;ST3GAL1;ZFAT;MIR30B;MIR30D;KHDRBS3
CRT-logit,SNORD56,0.008411576612508184,False,1,112,SNORD56
CRT-logit,TIAM2,0.008741769173179951,True,32,714,TIAM2;MIR1273C;TFB1M;CLDN20;NOX3;MIR1202;ARID1B;MIR4466;TMEM242;ZDHHC14;MIR3692;SNX9;SYNJ2;SERAC1;GTF2H5;TULP4;RN7SL173P;TMEM181;DYNLT1;SYTL3;MIR3918;EZR;OSTCP1;C6orf99;RSPH3;TAGAP;FNDC1;SOD2;WTAP;RNU4ATAC18P;ACAT2;TCP1
CRT-logit,RN7SL421P,0.009128915858198606,False,1,167,RN7SL421P
CRT-logit,HUWE1,0.009247629216701027,True,22,885,XAGE3;FAM156B;FAM156A;GPR173;TSPYL2;KDM5C;IQSEC2;SMC1A;RIBC1;HSD17B10;HUWE1;MIR98;MIRLET7F2;RNA5SP505;PHF8;FAM120C;WNK3;TSR2;FGD1;GNL3L;ITIH6;MAGED2
CRT-logit,KDM5B,0.009318659846468349,False,12,355,KDM5B;PCAT6;RABIF;KLHL12;ADIPOR1;CYB5R1;TMEM183A;PPFIA4;MYOG;ADORA1;MYBPH;CHI3L1
CRT-logit,SPEN,0.00944308003192436,True,52,661,KAZN;TMEM51;C1orf195;FHAD1;EFHD2;CTRC;CELA2A;CELA2B;CASP9;DNAJC16;AGMAT;DDI2;RSC1A1;PLEKHM2;SLC25A34;TMEM82;FBLIM1;SPEN;ZBTB17;C1orf64;HSPB7;CLCNKA;CLCNKB;FAM131C;EPHA2;ARHGEF19;RSG1;FBXO42;SZRD1;SPATA21;NECAP2;CROCCP3;NBPF1;CROCCP2;ESPNP;CROCC;MST1L;MIR3675;MFAP2;ATP13A2;SDHB;PADI2;PADI1;PADI3;MIR3972;PADI4;PADI6;RCC2;ARHGEF10L;ACTL8;IGSF21;KLHDC7A
CRT-logit,OR4N2,0.009496007154737009,True,75,910,OR11H12;MED15P1;POTEM;LINC00516;POTEG;MED15P6;OR4N2;OR4Q3;OR4M1;OR4K2;OR4K5;OR4K1;OR4K15;OR4Q2;OR4K14;OR4K13;OR4L1;RNA5SP380;OR4K17;OR4N5;OR11G2;OR11H6;OR11H7;OR11H4;TTC5;CCNB1IP1;SNORD126;RPPH1;PARP2;TEP1;RNA5SP382;KLHL33;OSGEP;APEX1;TMEM55B;PNP;RNASE10;RNASE9;RNASE11;RNASE12;OR6S1;RNASE4;ANG;EDDM3A;EDDM3B;RNASE6;RNASE1;RNASE3;RNASE2;RN7SL189P;METTL17;SLC39A2;NDRG2;TPPP2;RNASE13;RNASE7;RNASE8;ARHGEF40;ZNF219;TMEM253;OR5AU1;LINC00641;HNRNPC;RPGRIP1;SUPT16H;CHD8;SNORD9;SNORD8;RN7SL650P;RAB2B;TOX4;METTL3;SALL2;OR10G3;OR10G2
CRT-logit,KIF16B,0.010122074192211275,True,41,405,KIF16B;SNRPB2;OTOR;PCSK2;BFSP1;DSTN;RN7SKP69;RRBP1;BANF2;SNX5;OVOL2;SNORD17;MGME1;CSRP2BP;PET117;RN7SL14P;ZNF133;RN7SKP74;LINC00851;DZANK1;RNA5SP476;POLR3F;MIR3192;RBBP9;SEC23B;LINC00493;DTD1;RN7SL638P;RNU6ATAC34P;LINC00652;SCP2D1;SLC24A3;RIN2;NAA20;CRNKL1;C20orf26;RN7SL690P;INSM1;RALGAPA2;RN7SL607P;LINC00237
CRT-logit,EXPH5,0.01025796818686789,True,79,462,GRIA4;MSANTD4;KBTBD3;AASDHPPT;GUCY1A2;CWF19L2;ALKBH8;ELMOD1;SLN;SLC35F2;RAB39A;CUL5;ACAT1;NPAT;ATM;C11orf65;KDELC2;EXPH5;DDX10;RNA5SP349;C11orf87;RDX;ZC3H12C;FDX1;ARHGAP20;RNA5SP350;C11orf53;C11orf92;C11orf93;MIR4491;POU2AF1;BTG4;MIR34B;MIR34C;C11orf88;LAYN;SIK2;RN7SKP273;PPP2R1B;ALG9;FDXACB1;C11orf1;CRYAB;HSPB2;C11orf52;DIXDC1;RNA5SP351;DLAT;PIH1D2;C11orf57;TIMM8B;SDHD;IL18;TEX12;BCO2;PTS;C11orf34;NCAM1;TTC12;ANKK1;DRD2;MIR4301;TMPRSS5;ZW10;CLDN25;ATF4P4;USP28;HTR3B;HTR3A;ZBTB16;NNMT;C11orf71;RBM7;REXO2;NXPE1;NXPE4;NXPE2;CADM1;LINC00900
CRT-logit,MTUS2,0.01041684490636848,True,30,947,MTUS2;SLC7A1;UBL3;LINC00297;LINC00572;LINC00544;LINC00365;KATNAL1;LINC00426;LINC00427;HMGB1;USPL1;ALOX5AP;LINC00398;MEDAG;TEX26;HSPH1;B3GALTL;RXFP2;FRY;EEF1DP3;ZAR1L;BRCA2;N4BP2L1;N4BP2L2;PDS5B;RNY1P4;LINC00423;KL;STARD13
CRT-logit,LRP4,0.010536988380183871,True,43,645,MIR5582;SNORD67;SNORD67;LRP4;C11orf49;ARFGAP2;PACSIN3;DDB2;ACP2;NR1H3;MADD;MYBPC3;SPI1;MIR4487;SLC39A13;PSMC3;RAPSN;CELF1;RN7SL652P;NDUFS3;PTPMT1;KBTBD4;FAM180B;C1QTNF4;MTCH2;AGBL2;FNBP4;NUP160;RNA5SP340;PTPRJ;MIR3161;OR4B1;OR4X2;OR4X1;OR4S1;OR4C3;OR4C5;OR4A47;TRIM49B;TRIM64C;FOLH1;OR4C13;OR4C12
CRT-logit,ACA59,0.01059781284698751,False,3,386,ACA59;ACA59;ACA59
CRT-logit,RN7SL13P,0.010668548841154916,False,2,346,RN7SL13P;RN7SL142P
CRT-logit,SNORA19,0.010768509781501507,False,2,502,SNORA19;SNORA19
CRT-logit,MAGOH2,0.010898916909839488,False,6,773,MAGOH2;MGC10955;MGC20647;MGC4294;MGC4771;MIR1273A
CRT-logit,snoR442,0.010986461710911891,False,4,553,snoR442;snoU109;snoU109;snoU109
CRT-logit,snoU13,0.01105521759223185,False,2,679,snoU13;snoU13
CRT-logit,SNORD22,0.011193418238376843,False,4,899,SNORD22;SNORD30;SNORD28;SNORD28
CRT-logit,TCHH,0.011737329612511617,True,104,570,S100A10;NBPF18P;S100A11;TCHHL1;TCHH;RPTN;HRNR;FLG;FLG2;CRNN;LCE5A;CRCT1;LCE3E;LCE3D;LCE3C;LCE3B;LCE3A;LINC00302;LCE2D;LCE2C;LCE2B;LCE2A;LCE4A;C1orf68;KPRP;LCE1F;LCE1E;LCE1D;LCE1C;LCE1B;LCE1A;LCE6A;SMCP;IVL;SPRR4;SPRR1A;SPRR3;SPRR1B;SPRR2D;SPRR2A;SPRR2B;SPRR2E;SPRR2F;SPRR2G;LELP1;PRR9;LOR;PGLYRP3;PGLYRP4;S100A9;S100A12;S100A8;S100A7A;S100A7L2;S100A7;RN7SL44P;S100A6;S100A5;S100A4;S100A3;S100A2;S100A16;S100A14;S100A13;S100A1;CHTOP;SNAPIN;ILF2;NPR1;RN7SL372P;INTS3;SLC27A3;GATAD2B;DENND4B;CRTC2;SLC39A1;CREB3L4;JTB;RAB13;RPS27;NUP210L;MIR5698;TPM3;RN7SL431P;MIR190B;C1orf189;C1orf43;UBAP2L;HAX1;AQP10;ATP8B2;IL6R;SHE;TDRD10;UBE2Q1;CHRNB2;ADAR;KCNN3;PMVK;PBXIP1;PYGO2;SHC1;CKS1B;CKS1B
CRT-logit,snoU13,0.012022564496853669,False,1,235,snoU13
CRT-logit,CDC42BPG,0.012222046451353238,False,56,292,CDC42BPG;EHD1;MIR192;ATG2A;PPP2R5B;GPHA2;C11orf85;BATF2;ARL2;SNX15;SAC3D1;NAALADL1;CDCA5;ZFPL1;VPS51;TM7SF2;ZNHIT2;FAU;SYVN1;MRPL49;SPDYC;CAPN1;SLC22A20;POLA2;CDC42EP2;DPF2;TIGD3;SLC25A45;FRMD8;NEAT1;MALAT1;SCYL1;LTBP3;SSSCA1;FAM89B;EHBP1L1;KCNK7;MAP3K11;PCNXL3;MIR4690;SIPA1;MIR4489;RELA;RN7SL309P;KAT5;RNASEH2C;AP5B1;OVOL1;CFL1;SNX32;MUS81;EFEMP2;CTSW;FIBP;CCDC85B;FOSL1
CRT-logit,HELZ2,0.012632791417497362,True,45,314,HAR1B;HAR1A;YTHDF1;BIRC7;MIR3196;NKAIN4;ARFGAP1;MIR4326;COL20A1;CHRNA4;KCNQ2;EEF1A2;PPDPF;PTK6;SRMS;C20orf195;HELZ2;GMEB2;STMN3;RTEL1;TNFRSF6B;ARFRP1;ZGPAT;LIME1;SLC2A4RG;ZBTB46;ABHD16B;C20ORF135;TPD52L2;DNAJC5;UCKL1;MIR1914;MIR647;ZNF512B;SAMD10;PRPF6;LINC00176;SOX18;TCEA2;RGS19;OPRL1;C20orf201;MYT1;NPBWR2;PCMTD2
CRT-logit,C5orf38,0.01278378003630636,False,8,974,C5orf38;C5orf55;C5orf56;C6ORF50;C6orf100;C6orf164;C8orf49;C8orf56
CRT-logit,LAMA1,0.012814175789385727,True,56,897,MIR3976;TMEM200C;L3MBTL4;RPL6P27;RN7SL282P;ARHGAP28;LINC00668;LAMA1;LRRC30;PTPRM;RN7SL50P;RAB12;SOGA2;NDUFV2;ANKRD12;TWSG1;RALBP1;PPP4R1;RAB31;RN7SL862P;RNA5SP449;TXNDC2;VAPA;RNA5SP450;APCDD1;NAPG;PIEZO2;NPIPB1P;GNAL;CHMP1B;MPPE1;IMPA2;ANKRD62;CIDEA;TUBB6;AFG3L2;SLMO1;SPIRE1;PSMG2;CEP76;PTPN2;SEH1L;CEP192;LDLRAD4;MIR5190;MIR4526;FAM210A;RN7SL362P;RNMT;MC5R;MC2R;ZNF519;ANKRD20A5P;CYP4F35P;CXADRP3;POTEC
CRT-logit,snoU13,0.013292760258583669,False,1,197,snoU13
CRT-logit,MIR5096,0.013621738433824655,False,11,547,MIR5096;MIR566;MIR720;MTRNR2L1;MTRNR2L10;MTRNR2L11;MTRNR2L12;MTRNR2L13;MTRNR2L2;MTRNR2L3;MTRNR2L4
CRT-logit,SNORA11,0.013902609035358398,False,1,115,SNORA11
CRT-logit,PARP11,0.013964903180346275,False,6,364,PARP11;CCND2;C12orf5;FGF23;FGF6;C12orf4
CRT-logit,LINC00849,0.014235724455380395,False,3,336,LINC00849;LINC00856;LINC00864
CRT-logit,SNORA44,0.014610373904688778,False,1,3,SNORA44
CRT-logit,CSMD2,0.014729727192590355,True,70,800,PUM1;NKAIN1;SNRNP40;ZCCHC17;FABP3;SERINC2;TINAGL1;HCRTR1;PEF1;COL16A1;BAI2;MIR4254;SPOCD1;PTP4A2;KHDRBS1;TMEM39B;MIR5585;KPNA6;TXLNA;CCDC28B;IQCC;DCDC2B;TMEM234;EIF3I;MTMR9LP;FAM167B;LCK;HDAC1;MARCKSL1;TSSK3;FAM229A;BSDC1;RN7SL122P;ZBTB8B;ZBTB8A;ZBTB8OS;RBBP4;SYNC;KIAA1522;YARS;S100PBP;FNDC5;HPCA;TMEM54;RNF19B;AK2;TRIM62;ZNF362;A3GALT2;PHC2;MIR3605;RN7SKP16;ZSCAN20;CSMD2;HMGB4;RNA5SP42;C1orf94;MIR552;SMIM12;GJB5;GJB4;GJB3;GJA4;DLGAP3;ZMYM6NB;ZMYM6;ZMYM1;SFPQ;ZMYM4;RN7SL503P
CRT-logit,PAPPA2,0.014736470102382031,True,94,795,U7;U7;PAPPA2;ASTN1;MIR488;FAM5B;SEC16B;RASAL2;LINC00083;TEX35;C1ORF220;C1orf220;RNA5SP69;MIR4424;RALGPS2;ANGPTL1;FAM20B;TOR3A;ABL2;SOAT1;AXDND1;NPHS2;TDRD5;FAM163A;IFRG15;TOR1AIP2;TOR1AIP1;RN7SL230P;CEP350;QSOX1;LHX4;ACBD6;MIR3121;XPR1;KIAA1614;STX6;MR1;IER5;CACNA1E;RNA5SP70;RN7SKP229;ZNF648;GLUL;TEDDM1;LINC00272;RGSL1;RNASEL;RGS16;RGS8;NPL;DHX9;SHCBP1L;RNA5SP71;LAMC1;LAMC2;NMNAT2;SMG7;NCF2;ARPC5;RGL1;APOBEC4;COLGALT2;TSEN15;RN7SL654P;C1orf21;EDEM3;FAM129A;RNA5SP72;RNF2;TRMT1L;SWT1;IVNS1ABP;HMCN1;PRG4;TPR;C1orf27;PDC;PTGS2;PLA2G4A;RN7SKP156;RNA5SP73;FAM5C;RGS18;RGS21;RGS1;RGS13;RGS2;RN7SKP126;UCHL5;TROVE2;GLRX2;CDC73;MIR1278;B3GALT2
CRT-logit,SNORA42,0.01513475466837099,False,1,30,SNORA42
CRT-logit,RN7SL374P,0.015174794136280083,False,6,750,RN7SL374P;RN7SL389P;RN7SL406P;RN7SL407P;RN7SL409P;RN7SL410P
CRT-logit,SNORA74,0.015197720411241209,False,2,300,SNORA74;SNORA74
CRT-logit,MYH15,0.015254266374847914,True,44,531,CBLB;LINC00882;LINC00883;CCDC54;BBX;LINC00636;LINC00635;CD47;IFT57;HHLA2;MYH15;KIAA1524;DZIP3;RETNLB;TRAT1;GUCA1C;MORC1;LINC00488;DPPA2;DPPA4;MIR4445;RNU6ATAC15P;PVRL3;CD96;ZBED2;PLCXD2;PHLDB2;ABHD10;TAGLN3;TMPRSS7;C3orf52;MIR567;GCSAM;SLC9C1;CD200;BTLA;ATG3;SLC35A5;CCDC80;CD200R1L;CD200R1;GTPBP8;C3orf17;BOC
CRT-logit,MED12,0.015328478791422427,True,77,533,AR;OPHN1;YIPF6;STARD8;EFNB1;PJA1;LINC00269;FAM155B;EDA;MIR676;AWAT2;OTUD6A;IGBP1;DGAT2L6;RN7SL581P;AWAT1;RNA5SP507;P2RY4;ARR3;PDZD11;RAB41;KIF4A;RNY4P23;GDPD2;DLG3;TEX11;SLC7A3;SNX12;FOXO4;CXorf65;IL2RG;MED12;NLGN3;GJB1;ZMYM3;NONO;ITGB1BP2;TAF1;INGX;OGT;ACRC;CXCR3;CXorf49;CXorf49B;NHSL2;RGAG4;PIN4;RN7SL388P;ERCC6L;RPS4X;CITED1;HDAC8;PHKA1;DMRTC1B;DMRTC1;LINC00684;PABPC1L2B;PABPC1L2A;NAP1L6;NAP1L2;CDX4;MAP2K4P1;CHIC1;TSIX;XIST;FTX;JPX;MIR421;MIR374B;RN7SL648P;MIR545;MIR374A;ZCCHC13;RN7SL790P;SLC16A2;RLIM;KIAA2022
CRT-logit,DVL2,0.015595163226565253,True,67,459,RABEP1;NUP88;RPAIN;C1QBP;DHX33;DERL2;MIS12;NLRP1;WSCD1;AIPL1;FAM64A;ACKR6;KIAA0753;RNA5SP435;TXNDC17;MED31;C17orf100;MIR4520B;SLC13A5;XAF1;FBXO39;TEKT1;ALOX12P2;MIR497HG;ALOX12;RNASEK;C17orf49;BCL6B;SLC16A13;SLC16A11;CLEC10A;ASGR2;ASGR1;DLG4;ACADVL;MIR324;DVL2;PHF23;GABARAP;CTDNEP1;ELP5;CLDN7;SLC2A4;YBX2;EIF5A;GPS2;NEURL4;ACAP1;KCTD11;TMEM95;TNK1;PLSCR3;TMEM256;NLGN2;SPEM1;C17orf74;TMEM102;FGF11;CHRNB1;ZBTB4;SLC35G6;POLR2A;TNFSF12;TNFSF13;SENP3;EIF4A1;SNORA48
CRT-logit,snoU13,0.0170087885761192,False,1,251,snoU13
CRT-logit,MIR4419B,0.017113437387533167,False,6,721,MIR4419B;MIR4459;MIR4461;MIR4532;MIR4788;MIR4792
CRT-logit,snoU13,0.017360753649328382,False,1,242,snoU13
CRT-logit,snoU13,0.017451690089271207,False,1,226,snoU13
CRT-logit,USP11,0.01758337285475957,True,128,793,CXorf36;MIR221;MIR222;KRBOX4;ZNF674;CHST7;SLC9A7;RP2;PHF16;RGN;NDUFB11;RBM10;UBA1;INE1;CDK16;USP11;RN7SL785P;ZNF157;SNORA11C;ZNF41;ARAF;SYN1;TIMP1;MIR4769;CFP;ELK1;UXT;CXXC1P1;ZNF81;ZNF182;ZNF630;SPACA5;SPACA5B;SSX5;RNA5SP503;SSX1;SSX9;SSX3;SSX4;SSX4B;SLC38A5;FTSJ1;PORCN;EBP;TBC1D25;RBM3;WDR13;WAS;SUV39H1;GLOD5;GATA1;HDAC6;ERAS;PCSK1N;PQBP1;TIMM17B;SLC35A2;PIM2;OTUD5;KCND1;GRIPAP1;TFE3;CCDC120;PRAF2;WDR45;GPKOW;RN7SL262P;MAGIX;PLP2;PRICKLE3;SYP;CACNA1F;CCDC22;FOXP3;PPP1R3F;GAGE10;GAGE12J;GAGE13;GAGE2E;GAGE12B;GAGE12C;GAGE12D;GAGE12F;GAGE12E;GAGE12G;GAGE12H;GAGE2A;GAGE1;PAGE1;PAGE4;USP27X;CLCN5;MIR532;MIR188;MIR500A;MIR362;MIR501;MIR500B;MIR660;MIR502;AKAP4;CCNB3;DGKK;SHROOM4;BMP15;NUDT10;CXorf67;NUDT11;CENPVP1;GSPT2;MAGED1;MAGED4B;SNORA11E;MAGED4;SNORA11D;XAGE2;XAGE2B;XAGE1A;XAGE1B;XAGE1C;XAGE1D;XAGE1E;SSX7;RNA5SP504;SSX2;SSX2B;SPANXN5;XAGE5
CRT-logit,SNORD39,0.017844584538559388,False,55,798,SNORD39;UBE2F;SCLY;ESPNL;KLHL30;FAM132B;ILKAP;HES6;PER2;TRAF3IP1;ASB1;TWIST2;HDAC4;MIR4440;MIR4441;MIR4269;MIR2467;NDUFA10;MIR4786;OR6B2;OR6B3;MYEOV2;OTOS;GPC1;MIR149;ANKMY1;DUSP28;RNPEPL1;CAPN10;GPR35;AQP12B;AQP12A;KIF1A;AGXT;C2orf54;SNED1;MTERFD2;PASK;PPP1R7;ANO7;HDLBP;FARP2;MIR3133;STK25;BOK;THAP4;RNA5SP122;ATG4B;DTYMK;ING5;D2HGDH;GAL3ST2;NEU4;PDCD1;CXXC11
CRT-logit,SNORA31,0.017893298332828548,False,3,659,SNORA31;SNORA31;SNORA31
CRT-logit,SNORD27,0.018025048344748242,False,1,63,SNORD27
CRT-logit,RN7SL758P,0.018431190504977202,False,3,813,RN7SL758P;RN7SL765P;RN7SL768P
CRT-logit,SNORA63,0.01845629309003304,False,2,467,SNORA63;SNORA63
CRT-logit,AFF2,0.019003263459526205,True,83,719,AFF2;RN7SKP267;IDS;LINC00893;CXorf40A;MAGEA9B;HSFX2;TMEM185A;MAGEA11;HSFX1;MAGEA9;MAGEA8;CXorf40B;LINC00894;MIR2114;MAMLD1;MTM1;MTMR1;CD99L2;HMGB3;MIR4330;GPR50;VMA21;PASD1;PRRG3;FATE1;CNGA2;MAGEA4;GABRE;MIR224;MIR452;MAGEA10;GABRA3;MIR767;GABRQ;MAGEA3;CSAG2;MAGEA2B;CSAG1;MAGEA12;CSAG4;MAGEA2;CSAG3;MAGEA6;CETN2;NSDHL;ZNF185;PNMA5;PNMA3;PNMA6A;PNMA6C;PNMA6B;MAGEA1;ZNF275;RN7SL667P;ZFP92;TREX2;HAUS7;BGN;ATP2B3;FAM58A;DUSP9;RN7SL687P;PNCK;SLC6A8;BCAP31;ABCD1;PLXNB3;SRPK3;IDH3G;SSR4;PDZD4;L1CAM;LCA10;AVPR2;ARHGAP4;NAA10;RENBP;HCFC1;TMEM187;IRAK1;MIR718;MECP2
CRT-logit,snoU13,0.01923534475031296,False,3,500,snoU13;snoU13;snoU13
CRT-logit,NWD1,0.019488786354916087,True,53,352,LINC00661;LINC00905;TPM4;RAB8A;HSH2D;CIB3;FAM32A;AP1M1;KLF2;EPS15L1;CALR3;C19orf44;CHERP;RN7SL146P;SLC35E1;MED26;SMIM7;TMEM38A;NWD1;SIN3B;F2RL3;CPAMD8;RN7SL835P;RN7SL823P;HAUS8;MYO9B;USE1;OCEL1;NR2F6;USHBP1;BABAM1;ANKLE1;ABHD8;MRPL34;DDA1;ANO8;GTPBP3;PLVAP;BST2;MVB12A;TMEM221;NXNL1;SLC27A1;PGLS;FAM129C;COLGALT1;UNC13A;MAP1S;FCHO1;B3GNT3;INSL3;JAK3;RPL18A
CRT-logit,ZNF638,0.019776557334947625,True,114,787,NAGK;MCEE;MPHOSPH10;PAIP2B;ZNF638;DYSF;CYP26B1;EXOC6B;SPR;EMX1;SFXN5;RAB11FIP5;NOTO;SMYD5;PRADC1;CCT7;FBXO41;EGR4;ALMS1;ALMS1P;NAT8;TPRKB;DUSP11;C2orf78;STAMBP;ACTG2;DGUOK;RNA5SP97;TET3;BOLA3;MOB1A;MTHFD2;SLC4A5;DCTN1;C2orf81;WDR54;RTKN;INO80B;WBP1;MOGS;MRPL53;CCDC142;TTC31;LBX2;PCGF1;TLX2;DQX1;AUP1;HTRA2;LOXL3;DOK1;M1AP;SEMA4F;HK2;POLE4;TACR1;MIR5000;EVA1A;MRPL19;GCFC2;RN7SKP203;RN7SKP164;LRRTM4;RNA5SP98;REG3G;REG1B;REG1A;REG3A;CTNNA2;MIR4264;LRRTM1;RNA5SP99;RN7SL201P;FUNDC2P2;SUCLG1;DNAH6;TRABD2A;TMSB10;KCMF1;TCF7L1;TGOLN2;RETSAT;ELMOD3;RN7SL113P;CAPG;SH2D6;RN7SL251P;MAT2A;GGCX;VAMP8;RN7SL126P;VAMP5;RNF181;TMEM150A;USP39;C2orf68;SFTPB;GNLY;ATOH8;RN7SKP83;ST3GAL5;POLR1A;PTCD3;SNORD94;IMMT;MIR4779;MRPL35;REEP1;KDM3A;CHMP3;RNF103;RMND5A;CD8A;CD8B
CRT-logit,snoU13,0.019840287275476244,False,4,950,snoU13;snoU13;snoU13;snoU13
CRT-logit,SNORD51,0.020313727650492847,False,1,38,SNORD51
CRT-logit,U8,0.020433664435875142,False,1,35,U8
CRT-logit,LAMC3,0.02109168457487672,True,104,763,SLC2A8;ZNF79;RPL12;SNORA65;LRSAM1;FAM129B;STXBP1;PTRH1;MIR3911;C9orf117;TTC16;TOR2A;SH2D3C;CDK9;MIR3960;FPGS;ENG;RNA5SP296;AK1;MIR4672;ST6GALNAC6;ST6GALNAC4;PIP5KL1;DPM2;FAM102A;NAIF1;SLC25A25;PTGES2;LCN2;C9orf16;CIZ1;DNM1;MIR199B;MIR3154;GOLGA2;SWI5;TRUB2;COQ4;SLC27A4;URM1;CERCAM;ODF2;GLE1;SPTAN1;WDR34;HMGA1P4;SET;PKN3;RN7SL560P;ZDHHC12;ZER1;TBC1D13;ENDOG;C9orf114;CCBL1;LRRC8A;PHYHD1;DOLK;NUP188;SH3GLB2;FAM73B;DOLPP1;CRAT;PPP2R4;IER5L;RN7SL159P;LINC00963;NTMT1;C9orf50;ASB6;PRRX2;PTGES;TOR1B;TOR1A;C9orf78;USP20;FNBP1;GPR107;NCS1;HMCN2;RN7SL665P;ASS1;FUBP3;PRDM12;EXOSC2;ABL1;QRFP;FIBCD1;LAMC3;AIF1L;NUP214;FAM78A;PPAPDC3;PRRC2B;SNORD62A;SNORD62B;POMT1;UCK1;RAPGEF1;RN7SL328P;MED27;NTNG2;SETX;TTF1
CRT-logit,HTR5A,0.021233822981047694,True,24,455,PAXIP1;HTR5A;RN7SKP280;INSIG1;BLACE;EN2;CNPY1;RBM33;SHH;C7orf13;RNF32;LMBR1;NOM1;MNX1;UBE3C;DNAJB6;PTPRN2;MIR595;MIR5707;NCAPG2;ESYT2;WDR60;LINC00689;VIPR2
CRT-logit,U3,0.021371647659535687,False,1,13,U3
CRT-logit,MAST4,0.021635901769345316,True,38,582,RNF180;RGS7BP;RN7SL169P;FAM159B;SREK1IP1;CWC27;ADAMTS6;CENPK;PPWD1;TRIM23;TRAPPC13;SGTB;NLN;ERBB2IP;SREK1;MAST4;CD180;PIK3R1;SLC30A5;CCNB1;CENPH;MRPS36;CDK7;CCDC125;TAF9;RAD17;MARVELD2;RN7SL616P;OCLN;GUSBP3;GTF2H2C;SERF1B;SMN2;GTF2H2B;SERF1A;SMN1;NAIP;GTF2H2
CRT-logit,RN7SL207P,0.022109118277248964,False,2,384,RN7SL207P;RN7SL212P
CRT-logit,snoU13,0.022159822649567115,False,4,838,snoU13;snoU13;snoU13;snoU13
CRT-logit,KCNJ12,0.02345940099321634,True,41,472,PRPSAP2;RN7SL627P;SLC5A10;FAM83G;GRAP;SNORD3D;GRAPL;SNORD3A;SNORD3C;EPN2;B9D1;MIR1180;MAPK7;MFAP4;RNF112;SLC47A1;SNORA59B;ALDH3A2;SLC47A2;ALDH3A1;ULK2;AKAP10;SPECC1;CCDC144CP;UPF3AP2;USP32P3;NOS2P3;LGALS9B;KRT16P3;CDRT15L2;CCDC144NL;USP22;DHRS7B;TMEM11;RN7SL426P;C17orf103;MAP2K3;KCNJ12;C17orf51;UBBP4;MTND1P15
CRT-logit,TRPA1,0.02367441257782851,True,68,799,MSC;TRPA1;RNA5SP271;KCNB2;TERF1;SBSPON;RPL7;RDH10;STAU2;UBE2W;TCEB1;TMEM70;LY96;JPH1;GDAP1;MIR5681A;PI15;CRISPLD1;CASC9;HNF4G;ZFHX4;PEX2;PKIA;ZC2HC1A;IL7;STMN2;HEY1;MRPS28;TPD52;RN7SL41P;MIR5708;ZBTB10;RN7SL107P;ZNF704;RN7SL308P;PAG1;FABP5;PMP2;FABP9;FABP4;FABP12;IMPA1;SLC10A5;ZFAND1;CHMP4C;SNX16;RALYL;LRRCC1;E2F5;C8orf59;CA13;CA1;CA3;CA2;REXO1L11P;REXO1L10P;REXO1L10P;ATP6V0D2;PSKH2;SLC7A13;WWP1;RMDN1;CPNE3;CNGB3;CNBD1;DCAF4L2;MMP16;RNA5SP272
CRT-logit,ALPP,0.02564935662515946,True,25,677,DIS3L2;MIR562;ECEL1P2;ALPP;ALPPL2;ALPI;ECEL1;PRSS56;CHRND;CHRNG;TIGD1;MIR5001;EIF4E2;EFHD1;RN7SL359P;GIGYF2;KCNJ13;C2orf82;NGEF;NEU2;INPP5D;RN7SL32P;ATG16L1;SCARNA5;SCARNA6
CRT-logit,FLJ20306,0.02595852679408146,False,1,130,FLJ20306
CRT-logit,RN7SL224P,0.026209072178212993,False,1,158,RN7SL224P
CRT-logit,snoU13,0.026671271637945734,False,2,583,snoU13;snoU13
CRT-logit,MTRNR2L8,0.02687849692642045,False,6,740,MTRNR2L8;MTRNR2L9;MUC8;NPCDR1;OCLM;OR5H8P
CRT-logit,FSCB,0.028230977698798867,True,15,380,FSCB;C14orf28;KLHL28;FAM179B;PRPF39;SNORD58;SNORD127;FKBP3;FANCM;MIS18BP1;LINC00871;RPL10L;MDGA2;LINC00648;MIR548Y
CRT-logit,PPY2,0.02850925513469144,False,1,151,PPY2
CRT-logit,ZDBF2,0.0289023835315475,True,154,602,SNORD51;SNORA41;SNORA41;GPR1;RN7SKP200;RN7SKP260;ZDBF2;ADAM23;DYTN;MDH1B;FASTKD2;CPO;KLF7;MIR2355;CREB1;METTL21A;CCNYL1;MIR4775;FZD5;PLEKHM3;RNA5SP116;CRYGEP;CRYGD;CRYGC;CRYGB;CRYGA;C2orf80;IDH1;PIKFYVE;PTH2R;RNA5SP117;MAP2;RNA5SP118;UNC80;RPE;KANSL1L;ACADL;MYL1;LANCL1;CPS1;ERBB4;RNA5SP119;MIR548F2;IKZF2;SPAG16;MIR4438;VWC2L;BARD1;ABCA12;ATIC;FN1;LINC00607;MREG;PECR;TMEM169;XRCC5;MARCH4;SMARCAL1;RPL37A;IGFBP2;IGFBP5;RNA5SP120;TNP1;RN7SKP43;DIRC3;TNS1;RUFY4;CXCR2P1;CXCR2;CXCR1;ARPC2;GPBAR1;AAMP;PNKD;TMBIM1;C2orf62;SLC11A1;CTDSP1;MIR26B;VIL1;USP37;RN7SKP38;RQCD1;PLCD4;ZNF142;BCS1L;RNF25;STK36;TTLL4;CYP27A1;PRKAG3;WNT6;WNT10A;CDK5R2;LINC00608;FEV;CRYBA2;MIR375;CCDC108;IHH;MIR3131;NHEJ1;RN7SL764P;SLC23A3;CNPPD1;FAM134A;ZFAND2B;ABCB6;ATG9A;ANKZF1;GLB1L;STK16;TUBA4A;TUBA4B;DNAJB2;PTPRN;RESP18;DNPEP;DES;SPEG;GMPPA;ASIC4;CHPF;TMEM198;MIR3132;OBSL1;INHA;RN7SKP213;STK11IP;SLC4A3;MIR4268;EPHA4;PAX3;CCDC140;SGPP2;FARSB;MOGAT1;ACSL3;KCNE4;RN7SL807P;SCG2;AP1S3;WDFY1;MRPL44;SERPINE2;FAM124B;CUL3;DOCK10;MIR4439;NYAP2;MIR5702;IRS1;RHBDD1;COL4A4
CRT-logit,VCAN,0.02912760353052485,True,102,819,XRCC4;VCAN;HAPLN1;RN7SKP295;EDIL3;NBPF22P;COX7C;RN7SKP34;MIR4280;RASA1;RN7SL629P;CCNH;TMEM161B;RNA5SP187;LINC00461;MEF2C;MIR3660;CETN3;MBLAC2;POLR3G;LYSMD3;GPR98;LUCAT1;ARRDC3;NR2F1;FAM172A;MIR2277;POU5F2;KIAA0825;ANKRD32;MCTP1;FAM81B;TTC37;ARSK;GPR150;RFESD;SPATA9;RHOBTB3;GLRX;C5orf27;ELL2;CAST;MIR583;PCSK1;ERAP1;ERAP2;LNPEP;LIX1;RIOK2;RGMB;CHD1;FAM174A;RN7SKP62;ST8SIA4;MIR548P;RN7SL802P;RNA5SP188;SLCO4C1;RN7SKP68;SLCO6A1;LINC00492;LINC00491;PAM;GIN1;PPIP5K2;C5orf30;NUDT12;RN7SL255P;RNA5SP189;EFNA5;RN7SL782P;RN7SKP122;FBXL17;FER;PJA2;MAN2A1;RN7SKP230;TMEM232;MIR548F3;SLC25A46;TSLP;WDR36;CAMK4;STARD4;NREP;RN7SKP57;EPB41L4A;SNORA13;APC;SRP19;REEP5;ZRSR1;DCP2;MCC;TSSK1B;RNU4ATAC13P;YTHDC2;KCNN2;RN7SKP89;TRIM36;PGGT1B;CCDC112
CRT-logit,C9orf53,0.029363420208255338,False,1,124,C9orf53
CRT-logit,RN7SKP189,0.031061407240161175,False,27,322,RN7SKP189;SPANXN1;SLITRK2;TMEM257;MIR890;MIR888;MIR892A;MIR892B;MIR891B;MIR891A;RNA5SP517;CXorf51B;CXorf51A;MIR513C;MIR513B;MIR513A1;MIR513A2;MIR506;MIR507;MIR508;MIR514B;MIR510;MIR514A1;MIR514A2;MIR514A3;FMR1;FMR1NB
